Name, Coeff, Label
DI_F0_34,0.618, Female 0-34
DI_F35_44,0.567, Female 35-44
DI_F45_54,0.522, Female 45-54
DI_F55_59,0.535, Female 55-59
DI_F60_64,0.553, Female 60-64
DI_F65_69,0.635, Female 65-69
DI_F70_74,0.653, Female 70-74
DI_F75_79,0.658, Female 75-79
DI_F80_84,0.671, Female 80-84
DI_F85_89,0.671, Female 85-89
DI_F90_94,0.671, Female 90-94
DI_F95_GT,0.671, Female 95+
DI_M0_34,0.527, Male 0-34
DI_M35_44,0.502, Male 35-44
DI_M45_54,0.478, Male 45-54
DI_M55_59,0.495, Male 55-59
DI_M60_64,0.498, Male 60-64
DI_M65_69,0.562, Male 65-69
DI_M70_74,0.611, Male 70-74
DI_M75_79,0.634, Male 75-79
DI_M80_84,0.652, Male 80-84
DI_M85_89,0.663, Male 85-89
DI_M90_94,0.663, Male 90-94
DI_M95_GT,0.663, Male 95+
DI_MCAID_Female_Aged,0.067, Medicaid Female Aged
DI_MCAID_Female_NonAged,0.065, Medicaid Female NonAged
DI_MCAID_Male_Aged,0.122, Medicaid Male Aged
DI_MCAID_Male_NonAged,0.090, Medicaid Male NonAged
DI_OriginallyDisabled_Female,0.000, Originally Disabled Female
DI_OriginallyDisabled_Male,0.000, Originally Disabled Male
DI_Originally_ESRD_Female,-0.078, Originally ESRD Female
DI_Originally_ESRD_Male,-0.049, Originally ESRD Male
DI_HCC1,0.154, HIV/AIDS
DI_HCC2,0.081, Septicemia/Sepsis/Systemic Inflammatory Response Syndrome/Shock
DI_HCC6,0.052, Opportunistic Infections
DI_HCC8,0.295, Metastatic Cancer and Acute Leukemia
DI_HCC9,0.169, Lung and Other Severe Cancers
DI_HCC10,0.136, Lymphoma and Other Cancers
DI_HCC11,0.076, Colorectal/Bladder/and Other Cancers
DI_HCC12,0.046, Breast/Prostate/and Other Cancers and Tumors
DI_HCC17,0.244, Diabetes with Acute Complications
DI_HCC18,0.091, Diabetes with Chronic Complications
DI_HCC19,0.066, Diabetes without Complication
DI_HCC21,0.055, Protein-Calorie Malnutrition
DI_HCC22,0.073, Morbid Obesity
DI_HCC23,0.013, Other Significant Endocrine and Metabolic Disorders
DI_HCC27,0.204, End-Stage Liver Disease
DI_HCC28,0.086, Cirrhosis of Liver
DI_HCC29,0.069, Chronic Hepatitis
DI_HCC33,0.072, Intestinal Obstruction/Perforation
DI_HCC34,0.073, Chronic Pancreatitis
DI_HCC35,0.053, Inflammatory Bowel Disease
DI_HCC39,0.061, Bone/Joint/Muscle Infections/Necrosis
DI_HCC40,0.072, Rheumatoid Arthritis and Inflammatory Connective Tissue Disease
DI_HCC46,0.180, Severe Hematological Disorders
DI_HCC47,0.097, Disorders of Immunity
DI_HCC48,0.059, Coagulation Defects and Other Specified Hematological Disorders
DI_HCC51,0.097, Dementia With Complications
DI_HCC52,0.045, Dementia Without Complication
DI_HCC54,0.048, Drug/Alcohol Psychosis
DI_HCC55,0.048, Drug/Alcohol Dependence
DI_HCC57,0.142, Schizophrenia
DI_HCC58,0.091, Major Depressive/Bipolar/and Paranoid Disorders
DI_HCC70,0.274, Quadriplegia
DI_HCC71,0.200, Paraplegia
DI_HCC72,0.102, Spinal Cord Disorders/Injuries
DI_HCC73,0.117, Amyotrophic Lateral Sclerosis and Other Motor Neuron Disease
DI_HCC74,0.036, Cerebral Palsy
DI_HCC75,0.059, Polyneuropathy
DI_HCC76,0.062, Muscular Dystrophy
DI_HCC77,0.069, Multiple Sclerosis
DI_HCC78,0.065, Parkinsons and Huntingtons Diseases
DI_HCC79,0.066, Seizure Disorders and Convulsions
DI_HCC80,0.043, Coma/Brain Compression/Anoxic Damage
DI_HCC82,0.242, Respirator Dependence/Tracheostomy Status
DI_HCC83,0.114, Respiratory Arrest
DI_HCC84,0.044, Cardio-Respiratory Failure and Shock
DI_HCC85,0.082, Congestive Heart Failure
DI_HCC86,0.131, Acute Myocardial Infarction
DI_HCC87,0.116, Unstable Angina and Other Acute Ischemic Heart Disease
DI_HCC88,0.048, Angina Pectoris
DI_HCC96,0.093, Specified Heart Arrhythmias
DI_HCC99,0.078, Cerebral Hemorrhage
DI_HCC100,0.078, Ischemic or Unspecified Stroke
DI_HCC103,0.086, Hemiplegia/Hemiparesis
DI_HCC104,0.077, Monoplegia/Other Paralytic Syndromes
DI_HCC106,0.321, Atherosclerosis of the Extremities with Ulceration or Gangrene
DI_HCC107,0.126, Vascular Disease with Complications
DI_HCC108,0.065, Vascular Disease
DI_HCC110,0.072, Cystic Fibrosis
DI_HCC111,0.072, Chronic Obstructive Pulmonary Disease
DI_HCC112,0.066, Fibrosis of Lung and Other Chronic Lung Disorders
DI_HCC114,0.063, Aspiration and Specified Bacterial Pneumonias
DI_HCC115,0.013, Pneumococcal Pneumonia/Empyema/Lung Abscess
DI_HCC122,0.000, Proliferative Diabetic Retinopathy and Vitreous Hemorrhage
DI_HCC124,0.055, Exudative Macular Degeneration
DI_HCC134,0.000, Dialysis Status
DI_HCC135,0.000, Acute Renal Failure
DI_HCC136,0.000, Chronic Kidney Disease/Stage 5
DI_HCC137,0.000, Chronic Kidney Disease/Severe (Stage 4)
DI_HCC138,0.000, Chronic Kidney Disease/Moderate (Stage 3)
DI_HCC139,0.000, Chronic Kidney Disease/Mild or Unspecified (Stages 1-2 or Unspecified)
DI_HCC140,0.000, Unspecified Renal Failure
DI_HCC141,0.000, Nephritis
DI_HCC157,0.277, Pressure Ulcer of Skin with Necrosis Through to Muscle/Tendon/Bone
DI_HCC158,0.161, Pressure Ulcer of Skin with Full Thickness Skin Loss
DI_HCC159,0.147, Pressure Ulcer of Skin with Partial Thickness Skin Loss
DI_HCC160,0.147, Pressure Pre-Ulcer Skin Changes or Unspecified Stage
DI_HCC161,0.119, Chronic Ulcer of Skin/Except Pressure
DI_HCC162,0.042, Severe Skin Burn or Condition
DI_HCC166,0.043, Severe Head Injury
DI_HCC167,0.017, Major Head Injury
DI_HCC169,0.065, Vertebral Fractures without Spinal Cord Injury
DI_HCC170,0.050, Hip Fracture/Dislocation
DI_HCC173,0.042, Traumatic Amputations and Complications
DI_HCC176,0.000, Complications of Specified Implanted Device or Graft
DI_HCC186,0.154, Major Organ Transplant or Replacement Status
DI_HCC188,0.078, Artificial Openings for Feeding or Elimination
DI_HCC189,0.090, Amputation Status/Lower Limb/Amputation Complications
DI_SEPSIS_CARD_RESP_FAIL,0.038, Sepsis*Cardiorespiratory Failure
DI_CANCER_IMMUNE,0.025, Cancer*Immune Disorders
DI_DIABETES_CHF,0.000, Diabetes*Congestive Heart Failure
DI_CHF_COPD,0.022, Congestive Heart Failure*Chronic Obstructive Pulmonary Disease
DI_COPD_CARD_RESP_FAIL,0.024, Chronic Obstructive Pulmonary Disease*Cardiorespiratory Failure
DI_NONAGED_HCC6,0.073, NonAged/Opportunistic Infections
DI_NONAGED_HCC34,0.113, NonAged/Chronic Pancreatitis
DI_NONAGED_HCC46,0.157, NonAged/Severe Hematological Disorders
DI_NONAGED_HCC54,0.133, NonAged/Drug/Alcohol Psychosis
DI_NONAGED_HCC55,0.122, NonAged/Drug/Alcohol Dependence
DI_NONAGED_HCC110,0.298, NonAged/Cystic Fibrosis
DI_NONAGED_HCC176,0.040, NonAged/Complications of Specified Implanted Device or Graft
GC_F0_34,0.196, Female 0-34
GC_F35_44,0.219, Female 35-44
GC_F45_54,0.256, Female 45-54
GC_F55_59,0.306, Female 55-59
GC_F60_64,0.360, Female 60-64
GC_F65_69,0.291, Female 65-69
GC_F70_74,0.350, Female 70-74
GC_F75_79,0.406, Female 75-79
GC_F80_84,0.480, Female 80-84
GC_F85_89,0.590, Female 85-89
GC_F90_94,0.724, Female 90-94
GC_F95_GT,0.737, Female 95+
GC_M0_34,0.067, Male 0-34
GC_M35_44,0.076, Male 35-44
GC_M45_54,0.149, Male 45-54
GC_M55_59,0.226, Male 55-59
GC_M60_64,0.297, Male 60-64
GC_M65_69,0.274, Male 65-69
GC_M70_74,0.353, Male 70-74
GC_M75_79,0.425, Male 75-79
GC_M80_84,0.499, Male 80-84
GC_M85_89,0.625, Male 85-89
GC_M90_94,0.775, Male 90-94
GC_M95_GT,0.914, Male 95+
GC_MCAID_Female_Aged,0.275, Medicaid Female Aged
GC_MCAID_Female_NonAged,0.137, Medicaid Female NonAged
GC_MCAID_Male_Aged,0.367, Medicaid Male Aged
GC_MCAID_Male_NonAged,0.190, Medicaid Male NonAged
GC_OriginallyDisabled_Female,0.184, Originally Disabled Female
GC_OriginallyDisabled_Male,0.115, Originally Disabled Male
GC_HCC1,0.350, HIV/AIDS
GC_HCC2,0.428, Septicemia/Sepsis/Systemic Inflammatory Response Syndrome/Shock
GC_HCC6,0.426, Opportunistic Infections
GC_HCC8,2.627, Metastatic Cancer and Acute Leukemia
GC_HCC9,0.975, Lung and Other Severe Cancers
GC_HCC10,0.668, Lymphoma and Other Cancers
GC_HCC11,0.298, Colorectal/Bladder/and Other Cancers
GC_HCC12,0.156, Breast/Prostate/and Other Cancers and Tumors
GC_HCC17,0.243, Diabetes with Acute Complications
GC_HCC18,0.243, Diabetes with Chronic Complications
GC_HCC19,0.094, Diabetes without Complication
GC_HCC21,0.593, Protein-Calorie Malnutrition
GC_HCC22,0.278, Morbid Obesity
GC_HCC23,0.234, Other Significant Endocrine and Metabolic Disorders
GC_HCC27,1.028, End-Stage Liver Disease
GC_HCC28,0.384, Cirrhosis of Liver
GC_HCC29,0.243, Chronic Hepatitis
GC_HCC33,0.285, Intestinal Obstruction/Perforation
GC_HCC34,0.282, Chronic Pancreatitis
GC_HCC35,0.362, Inflammatory Bowel Disease
GC_HCC39,0.468, Bone/Joint/Muscle Infections/Necrosis
GC_HCC40,0.398, Rheumatoid Arthritis and Inflammatory Connective Tissue Disease
GC_HCC46,1.325, Severe Hematological Disorders
GC_HCC47,0.688, Disorders of Immunity
GC_HCC48,0.234, Coagulation Defects and Other Specified Hematological Disorders
GC_HCC51,0.643, Dementia With Complications
GC_HCC52,0.328, Dementia Without Complication
GC_HCC54,0.352, Drug/Alcohol Psychosis
GC_HCC55,0.352, Drug/Alcohol Dependence
GC_HCC57,0.442, Schizophrenia
GC_HCC58,0.260, Major Depressive/Bipolar/and Paranoid Disorders
GC_HCC70,1.112, Quadriplegia
GC_HCC71,0.943, Paraplegia
GC_HCC72,0.456, Spinal Cord Disorders/Injuries
GC_HCC73,1.030, Amyotrophic Lateral Sclerosis and Other Motor Neuron Disease
GC_HCC74,0.000, Cerebral Palsy
GC_HCC75,0.284, Polyneuropathy
GC_HCC76,0.544, Muscular Dystrophy
GC_HCC77,0.546, Multiple Sclerosis
GC_HCC78,0.583, Parkinsons and Huntingtons Diseases
GC_HCC79,0.221, Seizure Disorders and Convulsions
GC_HCC80,0.184, Coma/Brain Compression/Anoxic Damage
GC_HCC82,1.231, Respirator Dependence/Tracheostomy Status
GC_HCC83,0.540, Respiratory Arrest
GC_HCC84,0.345, Cardio-Respiratory Failure and Shock
GC_HCC85,0.336, Congestive Heart Failure
GC_HCC86,0.258, Acute Myocardial Infarction
GC_HCC87,0.258, Unstable Angina and Other Acute Ischemic Heart Disease
GC_HCC88,0.129, Angina Pectoris
GC_HCC96,0.303, Specified Heart Arrhythmias
GC_HCC99,0.252, Cerebral Hemorrhage
GC_HCC100,0.252, Ischemic or Unspecified Stroke
GC_HCC103,0.467, Hemiplegia/Hemiparesis
GC_HCC104,0.307, Monoplegia/Other Paralytic Syndromes
GC_HCC106,1.385, Atherosclerosis of the Extremities with Ulceration or Gangrene
GC_HCC107,0.431, Vascular Disease with Complications
GC_HCC108,0.271, Vascular Disease
GC_HCC110,0.494, Cystic Fibrosis
GC_HCC111,0.313, Chronic Obstructive Pulmonary Disease
GC_HCC112,0.281, Fibrosis of Lung and Other Chronic Lung Disorders
GC_HCC114,0.596, Aspiration and Specified Bacterial Pneumonias
GC_HCC115,0.155, Pneumococcal Pneumonia/Empyema/Lung Abscess
GC_HCC122,0.248, Proliferative Diabetic Retinopathy and Vitreous Hemorrhage
GC_HCC124,0.512, Exudative Macular Degeneration
GC_HCC134,0.000, Dialysis Status
GC_HCC135,0.000, Acute Renal Failure
GC_HCC136,0.000, Chronic Kidney Disease/Stage 5
GC_HCC137,0.000, Chronic Kidney Disease/Severe (Stage 4)
GC_HCC138,0.000, Chronic Kidney Disease/Moderate (Stage 3)
GC_HCC139,0.000, Chronic Kidney Disease/Mild or Unspecified (Stages 1-2 or Unspecified)
GC_HCC140,0.000, Unspecified Renal Failure
GC_HCC141,0.000, Nephritis
GC_HCC157,2.492, Pressure Ulcer of Skin with Necrosis Through to Muscle/Tendon/Bone
GC_HCC158,1.285, Pressure Ulcer of Skin with Full Thickness Skin Loss
GC_HCC159,0.955, Pressure Ulcer of Skin with Partial Thickness Skin Loss
GC_HCC160,0.799, Pressure Pre-Ulcer Skin Changes or Unspecified Stage
GC_HCC161,0.503, Chronic Ulcer of Skin/Except Pressure
GC_HCC162,0.370, Severe Skin Burn or Condition
GC_HCC166,0.184, Severe Head Injury
GC_HCC167,0.184, Major Head Injury
GC_HCC169,0.456, Vertebral Fractures without Spinal Cord Injury
GC_HCC170,0.350, Hip Fracture/Dislocation
GC_HCC173,0.290, Traumatic Amputations and Complications
GC_HCC176,0.599, Complications of Specified Implanted Device or Graft
GC_HCC186,0.075, Major Organ Transplant or Replacement Status
GC_HCC188,0.643, Artificial Openings for Feeding or Elimination
GC_HCC189,0.654, Amputation Status/Lower Limb/Amputation Complications
GC_SEPSIS_CARD_RESP_FAIL,0.133, Sepsis*Cardiorespiratory Failure
GC_CANCER_IMMUNE,0.773, Cancer*Immune Disorders
GC_DIABETES_CHF,0.160, Diabetes*Congestive Heart Failure
GC_CHF_COPD,0.227, Congestive Heart Failure*Chronic Obstructive Pulmonary Disease
GC_CHF_RENAL,0.000, Congestive Heart Failure*Renal Disease
GC_COPD_CARD_RESP_FAIL,0.453, Chronic Obstructive Pulmonary Disease*Cardiorespiratory Failure
GC_NONAGED_HCC6,0.561, NonAged/Opportunistic Infections
GC_NONAGED_HCC34,0.534, NonAged/Chronic Pancreatitis
GC_NONAGED_HCC46,2.791, NonAged/Severe Hematological Disorders
GC_NONAGED_HCC54,0.549, NonAged/Drug/Alcohol Psychosis
GC_NONAGED_HCC55,0.066, NonAged/Drug/Alcohol Dependence
GC_NONAGED_HCC110,2.746, NonAged/Cystic Fibrosis
GC_NONAGED_HCC176,0.000, NonAged/Complications of Specified Implanted Device or Graft
GI_F0_34,0.848, Female 0-34
GI_F35_44,1.061, Female 35-44
GI_F45_54,0.992, Female 45-54
GI_F55_59,1.014, Female 55-59
GI_F60_64,1.017, Female 60-64
GI_F65_69,1.212, Female 65-69
GI_F70_74,1.120, Female 70-74
GI_F75_79,0.988, Female 75-79
GI_F80_84,0.861, Female 80-84
GI_F85_89,0.780, Female 85-89
GI_F90_94,0.651, Female 90-94
GI_F95_GT,0.484, Female 95+
GI_M0_34,1.055, Male 0-34
GI_M35_44,0.956, Male 35-44
GI_M45_54,0.924, Male 45-54
GI_M55_59,0.971, Male 55-59
GI_M60_64,1.013, Male 60-64
GI_M65_69,1.267, Male 65-69
GI_M70_74,1.306, Male 70-74
GI_M75_79,1.295, Male 75-79
GI_M80_84,1.188, Male 80-84
GI_M85_89,1.101, Male 85-89
GI_M90_94,0.969, Male 90-94
GI_M95_GT,0.799, Male 95+
GI_MCAID,0.074, Medicaid
GI_ORIGDS,0.000, Originally Disabled
GI_HCC1,1.708, HIV/AIDS
GI_HCC2,0.274, Septicemia/Sepsis/Systemic Inflammatory Response Syndrome/Shock
GI_HCC6,0.568, Opportunistic Infections
GI_HCC8,1.289, Metastatic Cancer and Acute Leukemia
GI_HCC9,0.604, Lung and Other Severe Cancers
GI_HCC10,0.451, Lymphoma and Other Cancers
GI_HCC11,0.284, Colorectal/Bladder/and Other Cancers
GI_HCC12,0.194, Breast/Prostate/and Other Cancers and Tumors
GI_HCC17,0.373, Diabetes with Acute Complications
GI_HCC18,0.373, Diabetes with Chronic Complications
GI_HCC19,0.165, Diabetes without Complication
GI_HCC21,0.252, Protein-Calorie Malnutrition
GI_HCC22,0.429, Morbid Obesity
GI_HCC23,0.359, Other Significant Endocrine and Metabolic Disorders
GI_HCC27,0.863, End-Stage Liver Disease
GI_HCC28,0.479, Cirrhosis of Liver
GI_HCC29,0.479, Chronic Hepatitis
GI_HCC33,0.346, Intestinal Obstruction/Perforation
GI_HCC34,0.422, Chronic Pancreatitis
GI_HCC35,0.341, Inflammatory Bowel Disease
GI_HCC39,0.375, Bone/Joint/Muscle Infections/Necrosis
GI_HCC40,0.274, Rheumatoid Arthritis and Inflammatory Connective Tissue Disease
GI_HCC46,0.766, Severe Hematological Disorders
GI_HCC47,0.549, Disorders of Immunity
GI_HCC48,0.173, Coagulation Defects and Other Specified Hematological Disorders
GI_HCC51,0.000, Dementia With Complications
GI_HCC52,0.000, Dementia Without Complication
GI_HCC54,0.112, Drug/Alcohol Psychosis
GI_HCC55,0.112, Drug/Alcohol Dependence
GI_HCC57,0.217, Schizophrenia
GI_HCC58,0.217, Major Depressive/Bipolar/and Paranoid Disorders
GI_HCC70,0.512, Quadriplegia
GI_HCC71,0.435, Paraplegia
GI_HCC72,0.256, Spinal Cord Disorders/Injuries
GI_HCC73,0.446, Amyotrophic Lateral Sclerosis and Other Motor Neuron Disease
GI_HCC74,0.000, Cerebral Palsy
GI_HCC75,0.323, Polyneuropathy
GI_HCC76,0.296, Muscular Dystrophy
GI_HCC77,0.000, Multiple Sclerosis
GI_HCC78,0.141, Parkinsons and Huntingtons Diseases
GI_HCC79,0.065, Seizure Disorders and Convulsions
GI_HCC80,0.000, Coma/Brain Compression/Anoxic Damage
GI_HCC82,1.602, Respirator Dependence/Tracheostomy Status
GI_HCC83,0.466, Respiratory Arrest
GI_HCC84,0.311, Cardio-Respiratory Failure and Shock
GI_HCC85,0.186, Congestive Heart Failure
GI_HCC86,0.392, Acute Myocardial Infarction
GI_HCC87,0.392, Unstable Angina and Other Acute Ischemic Heart Disease
GI_HCC88,0.392, Angina Pectoris
GI_HCC96,0.247, Specified Heart Arrhythmias
GI_HCC99,0.105, Cerebral Hemorrhage
GI_HCC100,0.105, Ischemic or Unspecified Stroke
GI_HCC103,0.000, Hemiplegia/Hemiparesis
GI_HCC104,0.000, Monoplegia/Other Paralytic Syndromes
GI_HCC106,0.754, Atherosclerosis of the Extremities with Ulceration or Gangrene
GI_HCC107,0.300, Vascular Disease with Complications
GI_HCC108,0.086, Vascular Disease
GI_HCC110,0.435, Cystic Fibrosis
GI_HCC111,0.299, Chronic Obstructive Pulmonary Disease
GI_HCC112,0.299, Fibrosis of Lung and Other Chronic Lung Disorders
GI_HCC114,0.143, Aspiration and Specified Bacterial Pneumonias
GI_HCC115,0.143, Pneumococcal Pneumonia/Empyema/Lung Abscess
GI_HCC122,0.388, Proliferative Diabetic Retinopathy and Vitreous Hemorrhage
GI_HCC124,0.209, Exudative Macular Degeneration
GI_HCC134,0.000, Dialysis Status
GI_HCC135,0.000, Acute Renal Failure
GI_HCC136,0.000, Chronic Kidney Disease/Stage 5
GI_HCC137,0.000, Chronic Kidney Disease/Severe (Stage 4)
GI_HCC138,0.000, Chronic Kidney Disease/Moderate (Stage 3)
GI_HCC139,0.000, Chronic Kidney Disease/Mild or Unspecified (Stages 1-2 or Unspecified)
GI_HCC140,0.000, Unspecified Renal Failure
GI_HCC141,0.000, Nephritis
GI_HCC157,0.968, Pressure Ulcer of Skin with Necrosis Through to Muscle/Tendon/Bone
GI_HCC158,0.378, Pressure Ulcer of Skin with Full Thickness Skin Loss
GI_HCC159,0.225, Pressure Ulcer of Skin with Partial Thickness Skin Loss
GI_HCC160,0.225, Pressure Pre-Ulcer Skin Changes or Unspecified Stage
GI_HCC161,0.225, Chronic Ulcer of Skin/Except Pressure
GI_HCC162,0.000, Severe Skin Burn or Condition
GI_HCC166,0.000, Severe Head Injury
GI_HCC167,0.000, Major Head Injury
GI_HCC169,0.237, Vertebral Fractures without Spinal Cord Injury
GI_HCC170,0.000, Hip Fracture/Dislocation
GI_HCC173,0.061, Traumatic Amputations and Complications
GI_HCC176,0.599, Complications of Specified Implanted Device or Graft
GI_HCC186,0.075, Major Organ Transplant or Replacement Status
GI_HCC188,0.482, Artificial Openings for Feeding or Elimination
GI_HCC189,0.339, Amputation Status/Lower Limb/Amputation Complications
GI_CHF_COPD,0.190, Congestive Heart Failure*Chronic Obstructive Pulmonary Disease
GI_COPD_CARD_RESP_FAIL,0.416, Cardiorespiratory Failure*Chronic Obstructive Pulmonary Disease
GI_SEPSIS_PRESSURE_ULCER,0.226, Sepsis*Pressure Ulcer
GI_SEPSIS_ARTIF_OPENINGS,0.452, Sepsis*Artificial Openings for Feeding or Elimination
GI_ART_OPENINGS_PRESSURE_ULCER,0.295, Artificial Openings for Feeding or Elimination*Pressure Ulcer
GI_DIABETES_CHF,0.159, Diabetes*Congestive Heart Failure
GI_COPD_ASP_SPEC_BACT_PNEUM,0.220, Chronic Obstructive Pulmonary Disease*Aspiration and Specified Bacterial Pneumonias
GI_ASP_SPEC_BACT_PNEUM_PRES_ULC,0.252, Aspiration and Specified Bacterial Pneumonias*Pressure Ulcer
GI_SEPSIS_ASP_SPEC_BACT_PNEUM,0.347, Sepsis*Aspiration and Specified Bacterial Pneumonias
GI_SCHIZOPHRENIA_COPD,0.402, Schizophrenia*Chronic Obstructive Pulmonary Disease
GI_SCHIZOPHRENIA_CHF,0.122, Schizophrenia*Congestive Heart Failure
GI_SCHIZOPHRENIA_SEIZURES,0.541, Schizophrenia*Seizure Disorders and Convulsions
GI_NONAGED_HCC85,0.263, NonAged/Congestive Heart Failure
GI_NONAGED_PRESSURE_ULCER,0.528, NonAged/Pressure Ulcer
GI_NONAGED_HCC161,0.469, NonAged/Chronic Ulcer of the Skin/Except Pressure Ulcer
GI_NONAGED_HCC39,0.447, NonAged/Bone/Joint Muscle Infections/Necrosis
GI_NONAGED_HCC77,0.448, NonAged/Multiple Sclerosis
GI_NONAGED_HCC6,0.314, NonAged/Opportunistic Infections
LT65_DUR4_9,2.174, NonAged/with duration since transplant of 4-9 months
GE65_DUR4_9,2.562, Aged/with duration since transplant of 4-9 months
LT65_DUR10PL,0.840, NonAged/with duration since transplant of 10 months or more
GE65_DUR10PL,1.121, Aged/with duration since transplant of 10 months or more
TRANSPLANT_KIDNEY_ONLY_1M,6.030, Kidney Transplant/Month 1
TRANSPLANT_KIDNEY_ONLY_2M,0.895, Kidney Transplant/Month 2
TRANSPLANT_KIDNEY_ONLY_3M,0.895, Kidney Transplant/Month 3
DNE_NMCAID_NORIGDIS_NEF0_34,0.793, Baseline -- Neither Medicaid nor Originally Disabled Female 0-34
DNE_NMCAID_NORIGDIS_NEF35_44,0.793, Baseline -- Neither Medicaid nor Originally Disabled Female 35-44
DNE_NMCAID_NORIGDIS_NEF45_54,0.877, Baseline -- Neither Medicaid nor Originally Disabled Female 45-54
DNE_NMCAID_NORIGDIS_NEF55_59,0.917, Baseline -- Neither Medicaid nor Originally Disabled Female 55-59
DNE_NMCAID_NORIGDIS_NEF60_64,0.975, Baseline -- Neither Medicaid nor Originally Disabled Female 60-64
DNE_NMCAID_NORIGDIS_NEF65_69,1.121, Baseline -- Neither Medicaid nor Originally Disabled Female 65-69
DNE_NMCAID_NORIGDIS_NEF70_74,1.191, Baseline -- Neither Medicaid nor Originally Disabled Female 70-74
DNE_NMCAID_NORIGDIS_NEF75_79,1.191, Baseline -- Neither Medicaid nor Originally Disabled Female 75-79
DNE_NMCAID_NORIGDIS_NEF80_84,1.221, Baseline -- Neither Medicaid nor Originally Disabled Female 80-84
DNE_NMCAID_NORIGDIS_NEF85_GT,1.164, Baseline -- Neither Medicaid nor Originally Disabled Female 85+
DNE_NMCAID_NORIGDIS_NEM0_34,0.700, Baseline -- Neither Medicaid nor Originally Disabled Male 0-34
DNE_NMCAID_NORIGDIS_NEM35_44,0.700, Baseline -- Neither Medicaid nor Originally Disabled Male 35-44
DNE_NMCAID_NORIGDIS_NEM45_54,0.759, Baseline -- Neither Medicaid nor Originally Disabled Male 45-54
DNE_NMCAID_NORIGDIS_NEM55_59,0.865, Baseline -- Neither Medicaid nor Originally Disabled Male 55-59
DNE_NMCAID_NORIGDIS_NEM60_64,0.905, Baseline -- Neither Medicaid nor Originally Disabled Male 60-64
DNE_NMCAID_NORIGDIS_NEM65_69,1.025, Baseline -- Neither Medicaid nor Originally Disabled Male 65-69
DNE_NMCAID_NORIGDIS_NEM70_74,1.127, Baseline -- Neither Medicaid nor Originally Disabled Male 70-74
DNE_NMCAID_NORIGDIS_NEM75_79,1.181, Baseline -- Neither Medicaid nor Originally Disabled Male 75-79
DNE_NMCAID_NORIGDIS_NEM80_84,1.175, Baseline -- Neither Medicaid nor Originally Disabled Male 80-84
DNE_NMCAID_NORIGDIS_NEM85_GT,1.161, Baseline -- Neither Medicaid nor Originally Disabled Male 85+
DNE_MCAID_NORIGDIS_NEF0_34,1.066, Medicaid Only -- Not Originally Disabled Female 0-34
DNE_MCAID_NORIGDIS_NEF35_44,1.028, Medicaid Only -- Not Originally Disabled Female 35-44
DNE_MCAID_NORIGDIS_NEF45_54,1.029, Medicaid Only -- Not Originally Disabled Female 45-54
DNE_MCAID_NORIGDIS_NEF55_59,1.049, Medicaid Only -- Not Originally Disabled Female 55-59
DNE_MCAID_NORIGDIS_NEF60_64,1.112, Medicaid Only -- Not Originally Disabled Female 60-64
DNE_MCAID_NORIGDIS_NEF65_69,1.295, Medicaid Only -- Not Originally Disabled Female 65-69
DNE_MCAID_NORIGDIS_NEF70_74,1.397, Medicaid Only -- Not Originally Disabled Female 70-74
DNE_MCAID_NORIGDIS_NEF75_79,1.397, Medicaid Only -- Not Originally Disabled Female 75-79
DNE_MCAID_NORIGDIS_NEF80_84,1.397, Medicaid Only -- Not Originally Disabled Female 80-84
DNE_MCAID_NORIGDIS_NEF85_GT,1.454, Medicaid Only -- Not Originally Disabled Female 85+
DNE_MCAID_NORIGDIS_NEM0_34,0.897, Medicaid Only -- Not Originally Disabled Male 0-34
DNE_MCAID_NORIGDIS_NEM35_44,0.922, Medicaid Only -- Not Originally Disabled Male 35-44
DNE_MCAID_NORIGDIS_NEM45_54,0.950, Medicaid Only -- Not Originally Disabled Male 45-54
DNE_MCAID_NORIGDIS_NEM55_59,1.015, Medicaid Only -- Not Originally Disabled Male 55-59
DNE_MCAID_NORIGDIS_NEM60_64,1.064, Medicaid Only -- Not Originally Disabled Male 60-64
DNE_MCAID_NORIGDIS_NEM65_69,1.249, Medicaid Only -- Not Originally Disabled Male 65-69
DNE_MCAID_NORIGDIS_NEM70_74,1.382, Medicaid Only -- Not Originally Disabled Male 70-74
DNE_MCAID_NORIGDIS_NEM75_79,1.382, Medicaid Only -- Not Originally Disabled Male 75-79
DNE_MCAID_NORIGDIS_NEM80_84,1.382, Medicaid Only -- Not Originally Disabled Male 80-84
DNE_MCAID_NORIGDIS_NEM85_GT,1.485, Medicaid Only -- Not Originally Disabled Male 85+
DNE_NMCAID_ORIGDIS_NEF0_34,1.120, Originally Disabled Only -- Not Medicaid Female 0-34
DNE_NMCAID_ORIGDIS_NEF35_44,1.120, Originally Disabled Only -- Not Medicaid Female 35-44
DNE_NMCAID_ORIGDIS_NEF45_54,1.120, Originally Disabled Only -- Not Medicaid Female 45-54
DNE_NMCAID_ORIGDIS_NEF55_59,1.120, Originally Disabled Only -- Not Medicaid Female 55-59
DNE_NMCAID_ORIGDIS_NEF60_64,1.181, Originally Disabled Only -- Not Medicaid Female 60-64
DNE_NMCAID_ORIGDIS_NEF65_69,1.236, Originally Disabled Only -- Not Medicaid Female 65-69
DNE_NMCAID_ORIGDIS_NEF70_74,1.331, Originally Disabled Only -- Not Medicaid Female 70-74
DNE_NMCAID_ORIGDIS_NEF75_79,1.380, Originally Disabled Only -- Not Medicaid Female 75-79
DNE_NMCAID_ORIGDIS_NEF80_84,1.380, Originally Disabled Only -- Not Medicaid Female 80-84
DNE_NMCAID_ORIGDIS_NEF85_GT,1.380, Originally Disabled Only -- Not Medicaid Female 85+
DNE_NMCAID_ORIGDIS_NEM0_34,1.001, Originally Disabled Only -- Not Medicaid Male 0-34
DNE_NMCAID_ORIGDIS_NEM35_44,1.001, Originally Disabled Only -- Not Medicaid Male 35-44
DNE_NMCAID_ORIGDIS_NEM45_54,1.001, Originally Disabled Only -- Not Medicaid Male 45-54
DNE_NMCAID_ORIGDIS_NEM55_59,1.033, Originally Disabled Only -- Not Medicaid Male 55-59
DNE_NMCAID_ORIGDIS_NEM60_64,1.033, Originally Disabled Only -- Not Medicaid Male 60-64
DNE_NMCAID_ORIGDIS_NEM65_69,1.033, Originally Disabled Only -- Not Medicaid Male 65-69
DNE_NMCAID_ORIGDIS_NEM70_74,1.220, Originally Disabled Only -- Not Medicaid Male 70-74
DNE_NMCAID_ORIGDIS_NEM75_79,1.253, Originally Disabled Only -- Not Medicaid Male 75-79
DNE_NMCAID_ORIGDIS_NEM80_84,1.253, Originally Disabled Only -- Not Medicaid Male 80-84
DNE_NMCAID_ORIGDIS_NEM85_GT,1.253, Originally Disabled Only -- Not Medicaid Male 85+
DNE_MCAID_ORIGDIS_NEF0_34,1.328, Medicaid and Originally Disabled Female 0-34
DNE_MCAID_ORIGDIS_NEF35_44,1.328, Medicaid and Originally Disabled Female 35-44
DNE_MCAID_ORIGDIS_NEF45_54,1.368, Medicaid and Originally Disabled Female 45-54
DNE_MCAID_ORIGDIS_NEF55_59,1.368, Medicaid and Originally Disabled Female 55-59
DNE_MCAID_ORIGDIS_NEF60_64,1.387, Medicaid and Originally Disabled Female 60-64
DNE_MCAID_ORIGDIS_NEF65_69,1.409, Medicaid and Originally Disabled Female 65-69
DNE_MCAID_ORIGDIS_NEF70_74,1.444, Medicaid and Originally Disabled Female 70-74
DNE_MCAID_ORIGDIS_NEF75_79,1.488, Medicaid and Originally Disabled Female 75-79
DNE_MCAID_ORIGDIS_NEF80_84,1.488, Medicaid and Originally Disabled Female 80-84
DNE_MCAID_ORIGDIS_NEF85_GT,1.488, Medicaid and Originally Disabled Female 85+
DNE_MCAID_ORIGDIS_NEM0_34,1.246, Medicaid and Originally Disabled Male 0-34
DNE_MCAID_ORIGDIS_NEM35_44,1.246, Medicaid and Originally Disabled Male 35-44
DNE_MCAID_ORIGDIS_NEM45_54,1.271, Medicaid and Originally Disabled Male 45-54
DNE_MCAID_ORIGDIS_NEM55_59,1.292, Medicaid and Originally Disabled Male 55-59
DNE_MCAID_ORIGDIS_NEM60_64,1.361, Medicaid and Originally Disabled Male 60-64
DNE_MCAID_ORIGDIS_NEM65_69,1.361, Medicaid and Originally Disabled Male 65-69
DNE_MCAID_ORIGDIS_NEM70_74,1.474, Medicaid and Originally Disabled Male 70-74
DNE_MCAID_ORIGDIS_NEM75_79,1.474, Medicaid and Originally Disabled Male 75-79
DNE_MCAID_ORIGDIS_NEM80_84,1.474, Medicaid and Originally Disabled Male 80-84
DNE_MCAID_ORIGDIS_NEM85_GT,1.474, Medicaid and Originally Disabled Male 85+
GNE_NMCAID_NORIGDIS_G_NEF0_34,0.804, Baseline -- Neither Medicaid nor Originally Disabled Female 0-34
GNE_NMCAID_NORIGDIS_G_NEF35_44,0.947, Baseline -- Neither Medicaid nor Originally Disabled Female 35-44
GNE_NMCAID_NORIGDIS_G_NEF45_54,1.015, Baseline -- Neither Medicaid nor Originally Disabled Female 45-54
GNE_NMCAID_NORIGDIS_G_NEF55_59,1.016, Baseline -- Neither Medicaid nor Originally Disabled Female 55-59
GNE_NMCAID_NORIGDIS_G_NEF60_64,1.133, Baseline -- Neither Medicaid nor Originally Disabled Female 60-64
GNE_NMCAID_NORIGDIS_G_NEF65,0.520, Baseline -- Neither Medicaid nor Originally Disabled Female 65
GNE_NMCAID_NORIGDIS_G_NEF66,0.515, Baseline -- Neither Medicaid nor Originally Disabled Female 66
GNE_NMCAID_NORIGDIS_G_NEF67,0.544, Baseline -- Neither Medicaid nor Originally Disabled Female 67
GNE_NMCAID_NORIGDIS_G_NEF68,0.597, Baseline -- Neither Medicaid nor Originally Disabled Female 68
GNE_NMCAID_NORIGDIS_G_NEF69,0.600, Baseline -- Neither Medicaid nor Originally Disabled Female 69
GNE_NMCAID_NORIGDIS_G_NEF70_74,0.690, Baseline -- Neither Medicaid nor Originally Disabled Female 70-74
GNE_NMCAID_NORIGDIS_G_NEF75_79,0.860, Baseline -- Neither Medicaid nor Originally Disabled Female 75-79
GNE_NMCAID_NORIGDIS_G_NEF80_84,1.014, Baseline -- Neither Medicaid nor Originally Disabled Female 80-84
GNE_NMCAID_NORIGDIS_G_NEF85_89,1.294, Baseline -- Neither Medicaid nor Originally Disabled Female 85-89
GNE_NMCAID_NORIGDIS_G_NEF90_94,1.294, Baseline -- Neither Medicaid nor Originally Disabled Female 90-94
GNE_NMCAID_NORIGDIS_G_NEF95_GT,1.294, Baseline -- Neither Medicaid nor Originally Disabled Female 95+
GNE_NMCAID_NORIGDIS_G_NEM0_34,0.442, Baseline -- Neither Medicaid nor Originally Disabled Male 0-34
GNE_NMCAID_NORIGDIS_G_NEM35_44,0.657, Baseline -- Neither Medicaid nor Originally Disabled Male 35-44
GNE_NMCAID_NORIGDIS_G_NEM45_54,0.864, Baseline -- Neither Medicaid nor Originally Disabled Male 45-54
GNE_NMCAID_NORIGDIS_G_NEM55_59,0.903, Baseline -- Neither Medicaid nor Originally Disabled Male 55-59
GNE_NMCAID_NORIGDIS_G_NEM60_64,0.948, Baseline -- Neither Medicaid nor Originally Disabled Male 60-64
GNE_NMCAID_NORIGDIS_G_NEM65,0.517, Baseline -- Neither Medicaid nor Originally Disabled Male 65
GNE_NMCAID_NORIGDIS_G_NEM66,0.533, Baseline -- Neither Medicaid nor Originally Disabled Male 66
GNE_NMCAID_NORIGDIS_G_NEM67,0.582, Baseline -- Neither Medicaid nor Originally Disabled Male 67
GNE_NMCAID_NORIGDIS_G_NEM68,0.626, Baseline -- Neither Medicaid nor Originally Disabled Male 68
GNE_NMCAID_NORIGDIS_G_NEM69,0.690, Baseline -- Neither Medicaid nor Originally Disabled Male 69
GNE_NMCAID_NORIGDIS_G_NEM70_74,0.785, Baseline -- Neither Medicaid nor Originally Disabled Male 70-74
GNE_NMCAID_NORIGDIS_G_NEM75_79,1.059, Baseline -- Neither Medicaid nor Originally Disabled Male 75-79
GNE_NMCAID_NORIGDIS_G_NEM80_84,1.246, Baseline -- Neither Medicaid nor Originally Disabled Male 80-84
GNE_NMCAID_NORIGDIS_G_NEM85_89,1.476, Baseline -- Neither Medicaid nor Originally Disabled Male 85-89
GNE_NMCAID_NORIGDIS_G_NEM90_94,1.476, Baseline -- Neither Medicaid nor Originally Disabled Male 90-94
GNE_NMCAID_NORIGDIS_G_NEM95_GT,1.476, Baseline -- Neither Medicaid nor Originally Disabled Male 95+
GNE_MCAID_NORIGDIS_G_NEF0_34,0.969, Medicaid Only -- Not Originally Disabled Female 0-34
GNE_MCAID_NORIGDIS_G_NEF35_44,1.202, Medicaid Only -- Not Originally Disabled Female 35-44
GNE_MCAID_NORIGDIS_G_NEF45_54,1.305, Medicaid Only -- Not Originally Disabled Female 45-54
GNE_MCAID_NORIGDIS_G_NEF55_59,1.307, Medicaid Only -- Not Originally Disabled Female 55-59
GNE_MCAID_NORIGDIS_G_NEF60_64,1.408, Medicaid Only -- Not Originally Disabled Female 60-64
GNE_MCAID_NORIGDIS_G_NEF65,0.993, Medicaid Only -- Not Originally Disabled Female 65
GNE_MCAID_NORIGDIS_G_NEF66,0.897, Medicaid Only -- Not Originally Disabled Female 66
GNE_MCAID_NORIGDIS_G_NEF67,0.919, Medicaid Only -- Not Originally Disabled Female 67
GNE_MCAID_NORIGDIS_G_NEF68,0.950, Medicaid Only -- Not Originally Disabled Female 68
GNE_MCAID_NORIGDIS_G_NEF69,0.950, Medicaid Only -- Not Originally Disabled Female 69
GNE_MCAID_NORIGDIS_G_NEF70_74,0.985, Medicaid Only -- Not Originally Disabled Female 70-74
GNE_MCAID_NORIGDIS_G_NEF75_79,1.133, Medicaid Only -- Not Originally Disabled Female 75-79
GNE_MCAID_NORIGDIS_G_NEF80_84,1.352, Medicaid Only -- Not Originally Disabled Female 80-84
GNE_MCAID_NORIGDIS_G_NEF85_89,1.535, Medicaid Only -- Not Originally Disabled Female 85-89
GNE_MCAID_NORIGDIS_G_NEF90_94,1.701, Medicaid Only -- Not Originally Disabled Female 90-94
GNE_MCAID_NORIGDIS_G_NEF95_GT,1.701, Medicaid Only -- Not Originally Disabled Female 95+
GNE_MCAID_NORIGDIS_G_NEM0_34,0.734, Medicaid Only -- Not Originally Disabled Male 0-34
GNE_MCAID_NORIGDIS_G_NEM35_44,1.059, Medicaid Only -- Not Originally Disabled Male 35-44
GNE_MCAID_NORIGDIS_G_NEM45_54,1.353, Medicaid Only -- Not Originally Disabled Male 45-54
GNE_MCAID_NORIGDIS_G_NEM55_59,1.418, Medicaid Only -- Not Originally Disabled Male 55-59
GNE_MCAID_NORIGDIS_G_NEM60_64,1.550, Medicaid Only -- Not Originally Disabled Male 60-64
GNE_MCAID_NORIGDIS_G_NEM65,1.144, Medicaid Only -- Not Originally Disabled Male 65
GNE_MCAID_NORIGDIS_G_NEM66,1.094, Medicaid Only -- Not Originally Disabled Male 66
GNE_MCAID_NORIGDIS_G_NEM67,1.151, Medicaid Only -- Not Originally Disabled Male 67
GNE_MCAID_NORIGDIS_G_NEM68,1.202, Medicaid Only -- Not Originally Disabled Male 68
GNE_MCAID_NORIGDIS_G_NEM69,1.202, Medicaid Only -- Not Originally Disabled Male 69
GNE_MCAID_NORIGDIS_G_NEM70_74,1.298, Medicaid Only -- Not Originally Disabled Male 70-74
GNE_MCAID_NORIGDIS_G_NEM75_79,1.407, Medicaid Only -- Not Originally Disabled Male 75-79
GNE_MCAID_NORIGDIS_G_NEM80_84,1.555, Medicaid Only -- Not Originally Disabled Male 80-84
GNE_MCAID_NORIGDIS_G_NEM85_89,1.777, Medicaid Only -- Not Originally Disabled Male 85-89
GNE_MCAID_NORIGDIS_G_NEM90_94,1.777, Medicaid Only -- Not Originally Disabled Male 90-94
GNE_MCAID_NORIGDIS_G_NEM95_GT,1.777, Medicaid Only -- Not Originally Disabled Male 95+
GNE_NMCAID_ORIGDIS_G_NEF65,1.067, Originally Disabled Only -- Not Medicaid Female 65
GNE_NMCAID_ORIGDIS_G_NEF66,1.067, Originally Disabled Only -- Not Medicaid Female 66
GNE_NMCAID_ORIGDIS_G_NEF67,1.067, Originally Disabled Only -- Not Medicaid Female 67
GNE_NMCAID_ORIGDIS_G_NEF68,1.284, Originally Disabled Only -- Not Medicaid Female 68
GNE_NMCAID_ORIGDIS_G_NEF69,1.284, Originally Disabled Only -- Not Medicaid Female 69
GNE_NMCAID_ORIGDIS_G_NEF70_74,1.284, Originally Disabled Only -- Not Medicaid Female 70-74
GNE_NMCAID_ORIGDIS_G_NEF75_79,1.284, Originally Disabled Only -- Not Medicaid Female 75-79
GNE_NMCAID_ORIGDIS_G_NEF80_84,1.284, Originally Disabled Only -- Not Medicaid Female 80-84
GNE_NMCAID_ORIGDIS_G_NEF85_89,1.284, Originally Disabled Only -- Not Medicaid Female 85-89
GNE_NMCAID_ORIGDIS_G_NEF90_94,1.284, Originally Disabled Only -- Not Medicaid Female 90-94
GNE_NMCAID_ORIGDIS_G_NEF95_GT,1.284, Originally Disabled Only -- Not Medicaid Female 95+
GNE_NMCAID_ORIGDIS_G_NEM65,0.826, Originally Disabled Only -- Not Medicaid Male 65
GNE_NMCAID_ORIGDIS_G_NEM66,1.071, Originally Disabled Only -- Not Medicaid Male 66
GNE_NMCAID_ORIGDIS_G_NEM67,1.123, Originally Disabled Only -- Not Medicaid Male 67
GNE_NMCAID_ORIGDIS_G_NEM68,1.123, Originally Disabled Only -- Not Medicaid Male 68
GNE_NMCAID_ORIGDIS_G_NEM69,1.399, Originally Disabled Only -- Not Medicaid Male 69
GNE_NMCAID_ORIGDIS_G_NEM70_74,1.399, Originally Disabled Only -- Not Medicaid Male 70-74
GNE_NMCAID_ORIGDIS_G_NEM75_79,1.399, Originally Disabled Only -- Not Medicaid Male 75-79
GNE_NMCAID_ORIGDIS_G_NEM80_84,1.399, Originally Disabled Only -- Not Medicaid Male 80-84
GNE_NMCAID_ORIGDIS_G_NEM85_89,1.399, Originally Disabled Only -- Not Medicaid Male 85-89
GNE_NMCAID_ORIGDIS_G_NEM90_94,1.399, Originally Disabled Only -- Not Medicaid Male 90-94
GNE_NMCAID_ORIGDIS_G_NEM95_GT,1.399, Originally Disabled Only -- Not Medicaid Male 95+
GNE_MCAID_ORIGDIS_G_NEF65,1.457, Medicaid and Originally Disabled Female 65
GNE_MCAID_ORIGDIS_G_NEF66,1.457, Medicaid and Originally Disabled Female 66
GNE_MCAID_ORIGDIS_G_NEF67,2.003, Medicaid and Originally Disabled Female 67
GNE_MCAID_ORIGDIS_G_NEF68,2.003, Medicaid and Originally Disabled Female 68
GNE_MCAID_ORIGDIS_G_NEF69,2.003, Medicaid and Originally Disabled Female 69
GNE_MCAID_ORIGDIS_G_NEF70_74,2.003, Medicaid and Originally Disabled Female 70-74
GNE_MCAID_ORIGDIS_G_NEF75_79,2.003, Medicaid and Originally Disabled Female 75-79
GNE_MCAID_ORIGDIS_G_NEF80_84,2.003, Medicaid and Originally Disabled Female 80-84
GNE_MCAID_ORIGDIS_G_NEF85_89,2.003, Medicaid and Originally Disabled Female 85-89
GNE_MCAID_ORIGDIS_G_NEF90_94,2.003, Medicaid and Originally Disabled Female 90-94
GNE_MCAID_ORIGDIS_G_NEF95_GT,2.003, Medicaid and Originally Disabled Female 95+
GNE_MCAID_ORIGDIS_G_NEM65,1.811, Medicaid and Originally Disabled Male 65
GNE_MCAID_ORIGDIS_G_NEM66,2.198, Medicaid and Originally Disabled Male 66
GNE_MCAID_ORIGDIS_G_NEM67,2.198, Medicaid and Originally Disabled Male 67
GNE_MCAID_ORIGDIS_G_NEM68,2.198, Medicaid and Originally Disabled Male 68
GNE_MCAID_ORIGDIS_G_NEM69,2.198, Medicaid and Originally Disabled Male 69
GNE_MCAID_ORIGDIS_G_NEM70_74,2.198, Medicaid and Originally Disabled Male 70-74
GNE_MCAID_ORIGDIS_G_NEM75_79,2.198, Medicaid and Originally Disabled Male 75-79
GNE_MCAID_ORIGDIS_G_NEM80_84,2.198, Medicaid and Originally Disabled Male 80-84
GNE_MCAID_ORIGDIS_G_NEM85_89,2.198, Medicaid and Originally Disabled Male 85-89
GNE_MCAID_ORIGDIS_G_NEM90_94,2.198, Medicaid and Originally Disabled Male 90-94
GNE_MCAID_ORIGDIS_G_NEM95_GT,2.198, Medicaid and Originally Disabled Male 95+
