Name, Coeff, Label
ActAdj_DUR4_9,0.905, Actuarial Adjustment for the Functioning Graft New Enrollee Duration Since Transplant of 4-9 Months
ActAdj_DUR10PL,0.698, Actuarial Adjustment for the Functioning Graft New Enrollee Duration Since Transplant of 10 Months or More
DI_F0_34,0.644, Female 0-34
DI_F35_44,0.630, Female 35-44
DI_F45_54,0.564, Female 45-54
DI_F55_59,0.570, Female 55-59
DI_F60_64,0.569, Female 60-64
DI_F65_69,0.630, Female 65-69
DI_F70_74,0.624, Female 70-74
DI_F75_79,0.617, Female 75-79
DI_F80_84,0.661, Female 80-84
DI_F85_89,0.629, Female 85-89
DI_F90_94,0.629, Female 90-94
DI_F95_GT,0.629, Female 95+
DI_M0_34,0.616, Male 0-34
DI_M35_44,0.604, Male 35-44
DI_M45_54,0.551, Male 45-54
DI_M55_59,0.557, Male 55-59
DI_M60_64,0.569, Male 60-64
DI_M65_69,0.577, Male 65-69
DI_M70_74,0.551, Male 70-74
DI_M75_79,0.601, Male 75-79
DI_M80_84,0.635, Male 80-84
DI_M85_89,0.635, Male 85-89
DI_M90_94,0.635, Male 90-94
DI_M95_GT,0.635, Male 95+
DI_FBDual_Female_Aged,0.060, Full Benefit Dual Female Aged
DI_FBDual_Female_NonAged,0.082, Full Benefit Dual Female NonAged
DI_FBDual_Male_Aged,0.128, Full Benefit Dual Male Aged
DI_FBDual_Male_NonAged,0.076, Full Benefit Dual Male NonAged
DI_PBDual_Female_Aged,0.000, Partial Benefit Dual Female Aged
DI_PBDual_Female_NonAged,0.000, Partial Benefit Dual Female NonAged
DI_PBDual_Male_Aged,0.000, Partial Benefit Dual Male Aged
DI_PBDual_Male_NonAged,0.000, Partial Benefit Dual Male NonAged
DI_OriginallyDisabled_Female,0.024, Originally Disabled Female
DI_OriginallyDisabled_Male,0.000, Originally Disabled Male
DI_Originally_ESRD_Female,-0.024, Originally ESRD Female
DI_Originally_ESRD_Male,0.017, Originally ESRD Male
DI_LTI_Aged,0.020, Institutional/Aged
DI_LTI_NonAged,0.098, Institutional/NonAged
DI_HCC1,0.122, HIV/AIDS
DI_HCC2,0.087, Septicemia/Sepsis/Systemic Inflammatory Response Syndrome/Shock
DI_HCC6,0.076, Opportunistic Infections
DI_HCC8,0.353, Metastatic Cancer and Acute Leukemia
DI_HCC9,0.181, Lung and Other Severe Cancers
DI_HCC10,0.111, Lymphoma and Other Cancers
DI_HCC11,0.059, Colorectal/Bladder/and Other Cancers
DI_HCC12,0.045, Breast/Prostate/and Other Cancers and Tumors
DI_HCC17,0.084, Diabetes with Acute Complications
DI_HCC18,0.084, Diabetes with Chronic Complications
DI_HCC19,0.084, Diabetes without Complication
DI_HCC21,0.068, Protein-Calorie Malnutrition
DI_HCC22,0.081, Morbid Obesity
DI_HCC23,0.036, Other Significant Endocrine and Metabolic Disorders
DI_HCC27,0.196, End-Stage Liver Disease
DI_HCC28,0.069, Cirrhosis of Liver
DI_HCC29,0.061, Chronic Hepatitis
DI_HCC33,0.078, Intestinal Obstruction/Perforation
DI_HCC34,0.068, Chronic Pancreatitis
DI_HCC35,0.048, Inflammatory Bowel Disease
DI_HCC39,0.092, Bone/Joint/Muscle Infections/Necrosis
DI_HCC40,0.058, Rheumatoid Arthritis and Inflammatory Connective Tissue Disease
DI_HCC46,0.223, Severe Hematological Disorders
DI_HCC47,0.078, Disorders of Immunity
DI_HCC48,0.063, Coagulation Defects and Other Specified Hematological Disorders
DI_HCC51,0.042, Dementia With Complications
DI_HCC52,0.042, Dementia Without Complication
DI_HCC54,0.111, Substance Use with Psychotic Complications
DI_HCC55,0.111, Substance Use Disorder/Moderate/Severe/Substance Use with Complications
DI_HCC56,0.111, Substance Use Disorder/Mild/Except Alcohol and Cannabis
DI_HCC57,0.111, Schizophrenia
DI_HCC58,0.111, Reactive and Unspecified Psychosis
DI_HCC59,0.066, Major Depressive/Bipolar/and Paranoid Disorders
DI_HCC60,0.066, Personality Disorders
DI_HCC70,0.185, Quadriplegia
DI_HCC71,0.151, Paraplegia
DI_HCC72,0.099, Spinal Cord Disorders/Injuries
DI_HCC73,0.213, Amyotrophic Lateral Sclerosis and Other Motor Neuron Disease
DI_HCC74,0.057, Cerebral Palsy
DI_HCC75,0.074, Myasthenia Gravis/Myoneural Disorders and Guillain-Barre Syndrome/Inflammatory and Toxic Neuropathy
DI_HCC76,0.136, Muscular Dystrophy
DI_HCC77,0.111, Multiple Sclerosis
DI_HCC78,0.079, Parkinsons and Huntingtons Diseases
DI_HCC79,0.053, Seizure Disorders and Convulsions
DI_HCC80,0.076, Coma/Brain Compression/Anoxic Damage
DI_HCC82,0.161, Respirator Dependence/Tracheostomy Status
DI_HCC83,0.112, Respiratory Arrest
DI_HCC84,0.061, Cardio-Respiratory Failure and Shock
DI_HCC85,0.063, Congestive Heart Failure
DI_HCC86,0.151, Acute Myocardial Infarction
DI_HCC87,0.120, Unstable Angina and Other Acute Ischemic Heart Disease
DI_HCC88,0.043, Angina Pectoris
DI_HCC96,0.049, Specified Heart Arrhythmias
DI_HCC99,0.062, Intracranial Hemorrhage
DI_HCC100,0.062, Ischemic or Unspecified Stroke
DI_HCC103,0.071, Hemiplegia/Hemiparesis
DI_HCC104,0.047, Monoplegia/Other Paralytic Syndromes
DI_HCC106,0.358, Atherosclerosis of the Extremities with Ulceration or Gangrene
DI_HCC107,0.144, Vascular Disease with Complications
DI_HCC108,0.073, Vascular Disease
DI_HCC110,0.125, Cystic Fibrosis
DI_HCC111,0.058, Chronic Obstructive Pulmonary Disease
DI_HCC112,0.058, Fibrosis of Lung and Other Chronic Lung Disorders
DI_HCC114,0.090, Aspiration and Specified Bacterial Pneumonias
DI_HCC115,0.030, Pneumococcal Pneumonia/Empyema/Lung Abscess
DI_HCC122,0.006, Proliferative Diabetic Retinopathy and Vitreous Hemorrhage
DI_HCC124,0.057, Exudative Macular Degeneration
DI_HCC134,0.000, Dialysis Status
DI_HCC135,0.000, Acute Renal Failure
DI_HCC136,0.000, Chronic Kidney Disease/Stage 5
DI_HCC137,0.000, Chronic Kidney Disease/Severe (Stage 4)
DI_HCC138,0.000, Chronic Kidney Disease/Moderate (Stage 3)
DI_HCC157,0.219, Pressure Ulcer of Skin with Necrosis Through to Muscle/Tendon/Bone
DI_HCC158,0.158, Pressure Ulcer of Skin with Full Thickness Skin Loss
DI_HCC159,0.127, Pressure Ulcer of Skin with Partial Thickness Skin Loss
DI_HCC161,0.127, Chronic Ulcer of Skin/Except Pressure
DI_HCC162,0.155, Severe Skin Burn or Condition
DI_HCC166,0.076, Severe Head Injury
DI_HCC167,0.043, Major Head Injury
DI_HCC169,0.099, Vertebral Fractures without Spinal Cord Injury
DI_HCC170,0.063, Hip Fracture/Dislocation
DI_HCC173,0.050, Traumatic Amputations and Complications
DI_HCC176,0.000, Complications of Specified Implanted Device or Graft
DI_HCC186,0.138, Major Organ Transplant or Replacement Status
DI_HCC188,0.087, Artificial Openings for Feeding or Elimination
DI_HCC189,0.081, Amputation Status/Lower Limb/Amputation Complications
DI_HCC47_gCancer,0.048, Immune Disorders*Cancer
DI_DIABETES_CHF,0.000, Congestive Heart Failure*Diabetes
DI_CHF_gCopdCF,0.003, Congestive Heart Failure*Chronic Obstructive Pulmonary Disease
DI_HCC85_gRenal_V24,0.000, Congestive Heart Failure*Renal
DI_gCopdCF_CARD_RESP_FAIL,0.029, Cardiorespiratory Failure*Chronic Obstructive Pulmonary Disease
DI_HCC85_HCC96,0.050, Congestive Heart Failure*Specified Heart Arrhythmias
DI_NONAGED_gSubUseDs_gPsych,0.055, NonAged/Substance Use*Psychiatric
DI_NONAGED_HCC6,0.043, NonAged/Opportunistic Infections
DI_NONAGED_HCC34,0.128, NonAged/Chronic Pancreatitis
DI_NONAGED_HCC46,0.220, NonAged/Severe Hematological Disorders
DI_NONAGED_HCC110,0.657, NonAged/Cystic Fibrosis
DI_NONAGED_HCC176,0.041, NonAged/Complications of Specified Implanted Device or Graft
DNE_ND_PBD_NORIGDIS_NEF0_34,0.760, NonDual or Partial Benefit Dual -- Not Originally Disabled Female 0-34
DNE_ND_PBD_NORIGDIS_NEF35_44,0.747, NonDual or Partial Benefit Dual -- Not Originally Disabled Female 35-44
DNE_ND_PBD_NORIGDIS_NEF45_54,0.741, NonDual or Partial Benefit Dual -- Not Originally Disabled Female 45-54
DNE_ND_PBD_NORIGDIS_NEF55_59,0.728, NonDual or Partial Benefit Dual -- Not Originally Disabled Female 55-59
DNE_ND_PBD_NORIGDIS_NEF60_64,0.768, NonDual or Partial Benefit Dual -- Not Originally Disabled Female 60-64
DNE_ND_PBD_NORIGDIS_NEF65_69,0.936, NonDual or Partial Benefit Dual -- Not Originally Disabled Female 65-69
DNE_ND_PBD_NORIGDIS_NEF70_74,0.963, NonDual or Partial Benefit Dual -- Not Originally Disabled Female 70-74
DNE_ND_PBD_NORIGDIS_NEF75_79,0.963, NonDual or Partial Benefit Dual -- Not Originally Disabled Female 75-79
DNE_ND_PBD_NORIGDIS_NEF80_84,0.991, NonDual or Partial Benefit Dual -- Not Originally Disabled Female 80-84
DNE_ND_PBD_NORIGDIS_NEF85_GT,0.963, NonDual or Partial Benefit Dual -- Not Originally Disabled Female 85+
DNE_ND_PBD_NORIGDIS_NEM0_34,0.720, NonDual or Partial Benefit Dual -- Not Originally Disabled Male 0-34
DNE_ND_PBD_NORIGDIS_NEM35_44,0.708, NonDual or Partial Benefit Dual -- Not Originally Disabled Male 35-44
DNE_ND_PBD_NORIGDIS_NEM45_54,0.690, NonDual or Partial Benefit Dual -- Not Originally Disabled Male 45-54
DNE_ND_PBD_NORIGDIS_NEM55_59,0.718, NonDual or Partial Benefit Dual -- Not Originally Disabled Male 55-59
DNE_ND_PBD_NORIGDIS_NEM60_64,0.755, NonDual or Partial Benefit Dual -- Not Originally Disabled Male 60-64
DNE_ND_PBD_NORIGDIS_NEM65_69,0.891, NonDual or Partial Benefit Dual -- Not Originally Disabled Male 65-69
DNE_ND_PBD_NORIGDIS_NEM70_74,0.868, NonDual or Partial Benefit Dual -- Not Originally Disabled Male 70-74
DNE_ND_PBD_NORIGDIS_NEM75_79,0.937, NonDual or Partial Benefit Dual -- Not Originally Disabled Male 75-79
DNE_ND_PBD_NORIGDIS_NEM80_84,0.982, NonDual or Partial Benefit Dual -- Not Originally Disabled Male 80-84
DNE_ND_PBD_NORIGDIS_NEM85_GT,0.978, NonDual or Partial Benefit Dual -- Not Originally Disabled Male 85+
DNE_FBD_NORIGDIS_NEF0_34,0.981, Full Benefit Dual -- Not Originally Disabled Female 0-34
DNE_FBD_NORIGDIS_NEF35_44,0.944, Full Benefit Dual -- Not Originally Disabled Female 35-44
DNE_FBD_NORIGDIS_NEF45_54,0.869, Full Benefit Dual -- Not Originally Disabled Female 45-54
DNE_FBD_NORIGDIS_NEF55_59,0.892, Full Benefit Dual -- Not Originally Disabled Female 55-59
DNE_FBD_NORIGDIS_NEF60_64,0.892, Full Benefit Dual -- Not Originally Disabled Female 60-64
DNE_FBD_NORIGDIS_NEF65_69,1.094, Full Benefit Dual -- Not Originally Disabled Female 65-69
DNE_FBD_NORIGDIS_NEF70_74,1.102, Full Benefit Dual -- Not Originally Disabled Female 70-74
DNE_FBD_NORIGDIS_NEF75_79,1.142, Full Benefit Dual -- Not Originally Disabled Female 75-79
DNE_FBD_NORIGDIS_NEF80_84,1.189, Full Benefit Dual -- Not Originally Disabled Female 80-84
DNE_FBD_NORIGDIS_NEF85_GT,1.154, Full Benefit Dual -- Not Originally Disabled Female 85+
DNE_FBD_NORIGDIS_NEM0_34,0.883, Full Benefit Dual -- Not Originally Disabled Male 0-34
DNE_FBD_NORIGDIS_NEM35_44,0.883, Full Benefit Dual -- Not Originally Disabled Male 35-44
DNE_FBD_NORIGDIS_NEM45_54,0.827, Full Benefit Dual -- Not Originally Disabled Male 45-54
DNE_FBD_NORIGDIS_NEM55_59,0.862, Full Benefit Dual -- Not Originally Disabled Male 55-59
DNE_FBD_NORIGDIS_NEM60_64,0.881, Full Benefit Dual -- Not Originally Disabled Male 60-64
DNE_FBD_NORIGDIS_NEM65_69,1.121, Full Benefit Dual -- Not Originally Disabled Male 65-69
DNE_FBD_NORIGDIS_NEM70_74,1.082, Full Benefit Dual -- Not Originally Disabled Male 70-74
DNE_FBD_NORIGDIS_NEM75_79,1.171, Full Benefit Dual -- Not Originally Disabled Male 75-79
DNE_FBD_NORIGDIS_NEM80_84,1.181, Full Benefit Dual -- Not Originally Disabled Male 80-84
DNE_FBD_NORIGDIS_NEM85_GT,1.181, Full Benefit Dual -- Not Originally Disabled Male 85+
DNE_ND_PBD_ORIGDIS_NEF0_34,0.938, NonDual or Partial Benefit Dual and Originally Disabled Female 0-34
DNE_ND_PBD_ORIGDIS_NEF35_44,0.938, NonDual or Partial Benefit Dual and Originally Disabled Female 35-44
DNE_ND_PBD_ORIGDIS_NEF45_54,0.938, NonDual or Partial Benefit Dual and Originally Disabled Female 45-54
DNE_ND_PBD_ORIGDIS_NEF55_59,0.938, NonDual or Partial Benefit Dual and Originally Disabled Female 55-59
DNE_ND_PBD_ORIGDIS_NEF60_64,0.938, NonDual or Partial Benefit Dual and Originally Disabled Female 60-64
DNE_ND_PBD_ORIGDIS_NEF65_69,1.049, NonDual or Partial Benefit Dual and Originally Disabled Female 65-69
DNE_ND_PBD_ORIGDIS_NEF70_74,1.036, NonDual or Partial Benefit Dual and Originally Disabled Female 70-74
DNE_ND_PBD_ORIGDIS_NEF75_79,1.018, NonDual or Partial Benefit Dual and Originally Disabled Female 75-79
DNE_ND_PBD_ORIGDIS_NEF80_84,1.018, NonDual or Partial Benefit Dual and Originally Disabled Female 80-84
DNE_ND_PBD_ORIGDIS_NEF85_GT,1.018, NonDual or Partial Benefit Dual and Originally Disabled Female 85+
DNE_ND_PBD_ORIGDIS_NEM0_34,0.944, NonDual or Partial Benefit Dual and Originally Disabled Male 0-34
DNE_ND_PBD_ORIGDIS_NEM35_44,0.944, NonDual or Partial Benefit Dual and Originally Disabled Male 35-44
DNE_ND_PBD_ORIGDIS_NEM45_54,0.851, NonDual or Partial Benefit Dual and Originally Disabled Male 45-54
DNE_ND_PBD_ORIGDIS_NEM55_59,0.847, NonDual or Partial Benefit Dual and Originally Disabled Male 55-59
DNE_ND_PBD_ORIGDIS_NEM60_64,0.859, NonDual or Partial Benefit Dual and Originally Disabled Male 60-64
DNE_ND_PBD_ORIGDIS_NEM65_69,0.921, NonDual or Partial Benefit Dual and Originally Disabled Male 65-69
DNE_ND_PBD_ORIGDIS_NEM70_74,0.902, NonDual or Partial Benefit Dual and Originally Disabled Male 70-74
DNE_ND_PBD_ORIGDIS_NEM75_79,1.004, NonDual or Partial Benefit Dual and Originally Disabled Male 75-79
DNE_ND_PBD_ORIGDIS_NEM80_84,1.004, NonDual or Partial Benefit Dual and Originally Disabled Male 80-84
DNE_ND_PBD_ORIGDIS_NEM85_GT,1.004, NonDual or Partial Benefit Dual and Originally Disabled Male 85+
DNE_FBD_ORIGDIS_NEF0_34,1.207, Full Benefit Dual and Originally Disabled Female 0-34
DNE_FBD_ORIGDIS_NEF35_44,1.207, Full Benefit Dual and Originally Disabled Female 35-44
DNE_FBD_ORIGDIS_NEF45_54,1.118, Full Benefit Dual and Originally Disabled Female 45-54
DNE_FBD_ORIGDIS_NEF55_59,1.118, Full Benefit Dual and Originally Disabled Female 55-59
DNE_FBD_ORIGDIS_NEF60_64,1.118, Full Benefit Dual and Originally Disabled Female 60-64
DNE_FBD_ORIGDIS_NEF65_69,1.217, Full Benefit Dual and Originally Disabled Female 65-69
DNE_FBD_ORIGDIS_NEF70_74,1.196, Full Benefit Dual and Originally Disabled Female 70-74
DNE_FBD_ORIGDIS_NEF75_79,1.196, Full Benefit Dual and Originally Disabled Female 75-79
DNE_FBD_ORIGDIS_NEF80_84,1.196, Full Benefit Dual and Originally Disabled Female 80-84
DNE_FBD_ORIGDIS_NEF85_GT,1.196, Full Benefit Dual and Originally Disabled Female 85+
DNE_FBD_ORIGDIS_NEM0_34,1.074, Full Benefit Dual and Originally Disabled Male 0-34
DNE_FBD_ORIGDIS_NEM35_44,1.074, Full Benefit Dual and Originally Disabled Male 35-44
DNE_FBD_ORIGDIS_NEM45_54,1.074, Full Benefit Dual and Originally Disabled Male 45-54
DNE_FBD_ORIGDIS_NEM55_59,1.096, Full Benefit Dual and Originally Disabled Male 55-59
DNE_FBD_ORIGDIS_NEM60_64,1.126, Full Benefit Dual and Originally Disabled Male 60-64
DNE_FBD_ORIGDIS_NEM65_69,1.258, Full Benefit Dual and Originally Disabled Male 65-69
DNE_FBD_ORIGDIS_NEM70_74,1.258, Full Benefit Dual and Originally Disabled Male 70-74
DNE_FBD_ORIGDIS_NEM75_79,1.258, Full Benefit Dual and Originally Disabled Male 75-79
DNE_FBD_ORIGDIS_NEM80_84,1.258, Full Benefit Dual and Originally Disabled Male 80-84
DNE_FBD_ORIGDIS_NEM85_GT,1.258, Full Benefit Dual and Originally Disabled Male 85+
GNPA_F65_69,0.301, Female 65-69
GNPA_F70_74,0.359, Female 70-74
GNPA_F75_79,0.420, Female 75-79
GNPA_F80_84,0.474, Female 80-84
GNPA_F85_89,0.570, Female 85-89
GNPA_F90_94,0.678, Female 90-94
GNPA_F95_GT,0.686, Female 95+
GNPA_M65_69,0.303, Male 65-69
GNPA_M70_74,0.358, Male 70-74
GNPA_M75_79,0.451, Male 75-79
GNPA_M80_84,0.512, Male 80-84
GNPA_M85_89,0.599, Male 85-89
GNPA_M90_94,0.730, Male 90-94
GNPA_M95_GT,0.825, Male 95+
GNPA_OriginallyDisabled_Female,0.219, Originally Disabled Female
GNPA_OriginallyDisabled_Male,0.125, Originally Disabled Male
GNPA_HCC1,0.292, HIV/AIDS
GNPA_HCC2,0.324, Septicemia/Sepsis/Systemic Inflammatory Response Syndrome/Shock
GNPA_HCC6,0.364, Opportunistic Infections
GNPA_HCC8,3.057, Metastatic Cancer and Acute Leukemia
GNPA_HCC9,1.226, Lung and Other Severe Cancers
GNPA_HCC10,0.608, Lymphoma and Other Cancers
GNPA_HCC11,0.312, Colorectal/Bladder/and Other Cancers
GNPA_HCC12,0.162, Breast/Prostate/and Other Cancers and Tumors
GNPA_HCC17,0.219, Diabetes with Acute Complications
GNPA_HCC18,0.219, Diabetes with Chronic Complications
GNPA_HCC19,0.073, Diabetes without Complication
GNPA_HCC21,0.549, Protein-Calorie Malnutrition
GNPA_HCC22,0.171, Morbid Obesity
GNPA_HCC23,0.217, Other Significant Endocrine and Metabolic Disorders
GNPA_HCC27,0.886, End-Stage Liver Disease
GNPA_HCC28,0.340, Cirrhosis of Liver
GNPA_HCC29,0.146, Chronic Hepatitis
GNPA_HCC33,0.250, Intestinal Obstruction/Perforation
GNPA_HCC34,0.318, Chronic Pancreatitis
GNPA_HCC35,0.350, Inflammatory Bowel Disease
GNPA_HCC39,0.431, Bone/Joint/Muscle Infections/Necrosis
GNPA_HCC40,0.414, Rheumatoid Arthritis and Inflammatory Connective Tissue Disease
GNPA_HCC46,1.346, Severe Hematological Disorders
GNPA_HCC47,0.640, Disorders of Immunity
GNPA_HCC48,0.192, Coagulation Defects and Other Specified Hematological Disorders
GNPA_HCC51,0.314, Dementia With Complications
GNPA_HCC52,0.314, Dementia Without Complication
GNPA_HCC54,0.274, Substance Use with Psychotic Complications
GNPA_HCC55,0.274, Substance Use Disorder/Moderate/Severe/Substance Use with Complications
GNPA_HCC56,0.274, Substance Use Disorder/Mild/Except Alcohol and Cannabis
GNPA_HCC57,0.507, Schizophrenia
GNPA_HCC58,0.507, Reactive and Unspecified Psychosis
GNPA_HCC59,0.225, Major Depressive/Bipolar/and Paranoid Disorders
GNPA_HCC60,0.225, Personality Disorders
GNPA_HCC70,1.126, Quadriplegia
GNPA_HCC71,0.925, Paraplegia
GNPA_HCC72,0.495, Spinal Cord Disorders/Injuries
GNPA_HCC73,1.256, Amyotrophic Lateral Sclerosis and Other Motor Neuron Disease
GNPA_HCC74,0.226, Cerebral Palsy
GNPA_HCC75,0.573, Myasthenia Gravis/Myoneural Disorders and Guillain-Barre Syndrome/Inflammatory and Toxic Neuropathy
GNPA_HCC76,0.471, Muscular Dystrophy
GNPA_HCC77,0.621, Multiple Sclerosis
GNPA_HCC78,0.588, Parkinsons and Huntingtons Diseases
GNPA_HCC79,0.249, Seizure Disorders and Convulsions
GNPA_HCC80,0.542, Coma/Brain Compression/Anoxic Damage
GNPA_HCC82,0.830, Respirator Dependence/Tracheostomy Status
GNPA_HCC83,0.449, Respiratory Arrest
GNPA_HCC84,0.293, Cardio-Respiratory Failure and Shock
GNPA_HCC85,0.251, Congestive Heart Failure
GNPA_HCC86,0.219, Acute Myocardial Infarction
GNPA_HCC87,0.209, Unstable Angina and Other Acute Ischemic Heart Disease
GNPA_HCC88,0.136, Angina Pectoris
GNPA_HCC96,0.252, Specified Heart Arrhythmias
GNPA_HCC99,0.219, Intracranial Hemorrhage
GNPA_HCC100,0.219, Ischemic or Unspecified Stroke
GNPA_HCC103,0.388, Hemiplegia/Hemiparesis
GNPA_HCC104,0.311, Monoplegia/Other Paralytic Syndromes
GNPA_HCC106,1.344, Atherosclerosis of the Extremities with Ulceration or Gangrene
GNPA_HCC107,0.348, Vascular Disease with Complications
GNPA_HCC108,0.257, Vascular Disease
GNPA_HCC110,0.919, Cystic Fibrosis
GNPA_HCC111,0.291, Chronic Obstructive Pulmonary Disease
GNPA_HCC112,0.201, Fibrosis of Lung and Other Chronic Lung Disorders
GNPA_HCC114,0.486, Aspiration and Specified Bacterial Pneumonias
GNPA_HCC115,0.205, Pneumococcal Pneumonia/Empyema/Lung Abscess
GNPA_HCC122,0.321, Proliferative Diabetic Retinopathy and Vitreous Hemorrhage
GNPA_HCC124,0.601, Exudative Macular Degeneration
GNPA_HCC134,0.000, Dialysis Status
GNPA_HCC135,0.000, Acute Renal Failure
GNPA_HCC136,0.000, Chronic Kidney Disease/Stage 5
GNPA_HCC137,0.000, Chronic Kidney Disease/Severe (Stage 4)
GNPA_HCC138,0.000, Chronic Kidney Disease/Moderate (Stage 3)
GNPA_HCC157,1.833, Pressure Ulcer of Skin with Necrosis Through to Muscle/Tendon/Bone
GNPA_HCC158,1.038, Pressure Ulcer of Skin with Full Thickness Skin Loss
GNPA_HCC159,0.795, Pressure Ulcer of Skin with Partial Thickness Skin Loss
GNPA_HCC161,0.582, Chronic Ulcer of Skin/Except Pressure
GNPA_HCC162,0.503, Severe Skin Burn or Condition
GNPA_HCC166,0.542, Severe Head Injury
GNPA_HCC167,0.162, Major Head Injury
GNPA_HCC169,0.475, Vertebral Fractures without Spinal Cord Injury
GNPA_HCC170,0.358, Hip Fracture/Dislocation
GNPA_HCC173,0.160, Traumatic Amputations and Complications
GNPA_HCC176,0.610, Complications of Specified Implanted Device or Graft
GNPA_HCC186,0.000, Major Organ Transplant or Replacement Status
GNPA_HCC188,0.558, Artificial Openings for Feeding or Elimination
GNPA_HCC189,0.520, Amputation Status/Lower Limb/Amputation Complications
GNPA_HCC47_gCancer,0.780, Immune Disorders*Cancer
GNPA_DIABETES_CHF,0.132, Congestive Heart Failure*Diabetes
GNPA_CHF_gCopdCF,0.134, Congestive Heart Failure*Chronic Obstructive Pulmonary Disease
GNPA_HCC85_gRenal_V24,0.000, Congestive Heart Failure*Renal
GNPA_gCopdCF_CARD_RESP_FAIL,0.333, Cardiorespiratory Failure *Chronic Obstructive Pulmonary Disease
GNPA_HCC85_HCC96,0.109, Congestive Heart Failure*Specified Heart Arrhythmias
FGC_GE65_DUR4_9_ND_PBD,2.529, Aged/with duration since transplant of 4-9 months/NonDual and Partial Benefit Dual
FGC_GE65_DUR10PL_ND_PBD,0.905, Aged/with duration since transplant of 10 months or more/NonDual and Partial Benefit Dual
FGC_PBD_GE65_flag,0.162, Partial Benefit Dual/Aged
GNPN_F0_34,0.198, Female 0-34
GNPN_F35_44,0.250, Female 35-44
GNPN_F45_54,0.292, Female 45-54
GNPN_F55_59,0.329, Female 55-59
GNPN_F60_64,0.373, Female 60-64
GNPN_M0_34,0.102, Male 0-34
GNPN_M35_44,0.155, Male 35-44
GNPN_M45_54,0.197, Male 45-54
GNPN_M55_59,0.249, Male 55-59
GNPN_M60_64,0.298, Male 60-64
GNPN_HCC1,0.331, HIV/AIDS
GNPN_HCC2,0.411, Septicemia/Sepsis/Systemic Inflammatory Response Syndrome/Shock
GNPN_HCC6,0.688, Opportunistic Infections
GNPN_HCC8,3.058, Metastatic Cancer and Acute Leukemia
GNPN_HCC9,1.075, Lung and Other Severe Cancers
GNPN_HCC10,0.595, Lymphoma and Other Cancers
GNPN_HCC11,0.257, Colorectal/Bladder/and Other Cancers
GNPN_HCC12,0.189, Breast/Prostate/and Other Cancers and Tumors
GNPN_HCC17,0.241, Diabetes with Acute Complications
GNPN_HCC18,0.241, Diabetes with Chronic Complications
GNPN_HCC19,0.083, Diabetes without Complication
GNPN_HCC21,0.870, Protein-Calorie Malnutrition
GNPN_HCC22,0.141, Morbid Obesity
GNPN_HCC23,0.390, Other Significant Endocrine and Metabolic Disorders
GNPN_HCC27,0.920, End-Stage Liver Disease
GNPN_HCC28,0.342, Cirrhosis of Liver
GNPN_HCC29,0.342, Chronic Hepatitis
GNPN_HCC33,0.474, Intestinal Obstruction/Perforation
GNPN_HCC34,0.543, Chronic Pancreatitis
GNPN_HCC35,0.469, Inflammatory Bowel Disease
GNPN_HCC39,0.440, Bone/Joint/Muscle Infections/Necrosis
GNPN_HCC40,0.353, Rheumatoid Arthritis and Inflammatory Connective Tissue Disease
GNPN_HCC46,4.064, Severe Hematological Disorders
GNPN_HCC47,0.803, Disorders of Immunity
GNPN_HCC48,0.319, Coagulation Defects and Other Specified Hematological Disorders
GNPN_HCC51,0.282, Dementia With Complications
GNPN_HCC52,0.282, Dementia Without Complication
GNPN_HCC54,0.521, Substance Use with Psychotic Complications
GNPN_HCC55,0.256, Substance Use Disorder/Moderate/Severe/Substance Use with Complications
GNPN_HCC56,0.169, Substance Use Disorder/Mild/Except Alcohol and Cannabis
GNPN_HCC57,0.372, Schizophrenia
GNPN_HCC58,0.295, Reactive and Unspecified Psychosis
GNPN_HCC59,0.145, Major Depressive/Bipolar/and Paranoid Disorders
GNPN_HCC60,0.145, Personality Disorders
GNPN_HCC70,0.906, Quadriplegia
GNPN_HCC71,0.605, Paraplegia
GNPN_HCC72,0.456, Spinal Cord Disorders/Injuries
GNPN_HCC73,1.400, Amyotrophic Lateral Sclerosis and Other Motor Neuron Disease
GNPN_HCC74,0.094, Cerebral Palsy
GNPN_HCC75,0.599, Myasthenia Gravis/Myoneural Disorders and Guillain-Barre Syndrome/Inflammatory and Toxic Neuropathy
GNPN_HCC76,0.745, Muscular Dystrophy
GNPN_HCC77,0.876, Multiple Sclerosis
GNPN_HCC78,0.457, Parkinsons and Huntingtons Diseases
GNPN_HCC79,0.195, Seizure Disorders and Convulsions
GNPN_HCC80,0.277, Coma/Brain Compression/Anoxic Damage
GNPN_HCC82,0.946, Respirator Dependence/Tracheostomy Status
GNPN_HCC83,0.496, Respiratory Arrest
GNPN_HCC84,0.496, Cardio-Respiratory Failure and Shock
GNPN_HCC85,0.273, Congestive Heart Failure
GNPN_HCC86,0.252, Acute Myocardial Infarction
GNPN_HCC87,0.241, Unstable Angina and Other Acute Ischemic Heart Disease
GNPN_HCC88,0.135, Angina Pectoris
GNPN_HCC96,0.269, Specified Heart Arrhythmias
GNPN_HCC99,0.194, Intracranial Hemorrhage
GNPN_HCC100,0.181, Ischemic or Unspecified Stroke
GNPN_HCC103,0.331, Hemiplegia/Hemiparesis
GNPN_HCC104,0.162, Monoplegia/Other Paralytic Syndromes
GNPN_HCC106,1.397, Atherosclerosis of the Extremities with Ulceration or Gangrene
GNPN_HCC107,0.436, Vascular Disease with Complications
GNPN_HCC108,0.273, Vascular Disease
GNPN_HCC110,2.244, Cystic Fibrosis
GNPN_HCC111,0.187, Chronic Obstructive Pulmonary Disease
GNPN_HCC112,0.187, Fibrosis of Lung and Other Chronic Lung Disorders
GNPN_HCC114,0.428, Aspiration and Specified Bacterial Pneumonias
GNPN_HCC115,0.154, Pneumococcal Pneumonia/Empyema/Lung Abscess
GNPN_HCC122,0.333, Proliferative Diabetic Retinopathy and Vitreous Hemorrhage
GNPN_HCC124,0.379, Exudative Macular Degeneration
GNPN_HCC134,0.000, Dialysis Status
GNPN_HCC135,0.000, Acute Renal Failure
GNPN_HCC136,0.000, Chronic Kidney Disease/Stage 5
GNPN_HCC137,0.000, Chronic Kidney Disease/Severe (Stage 4)
GNPN_HCC138,0.000, Chronic Kidney Disease/Moderate (Stage 3)
GNPN_HCC157,1.970, Pressure Ulcer of Skin with Necrosis Through to Muscle/Tendon/Bone
GNPN_HCC158,1.076, Pressure Ulcer of Skin with Full Thickness Skin Loss
GNPN_HCC159,0.946, Pressure Ulcer of Skin with Partial Thickness Skin Loss
GNPN_HCC161,0.650, Chronic Ulcer of Skin/Except Pressure
GNPN_HCC162,0.142, Severe Skin Burn or Condition
GNPN_HCC166,0.277, Severe Head Injury
GNPN_HCC167,0.100, Major Head Injury
GNPN_HCC169,0.456, Vertebral Fractures without Spinal Cord Injury
GNPN_HCC170,0.407, Hip Fracture/Dislocation
GNPN_HCC173,0.082, Traumatic Amputations and Complications
GNPN_HCC176,0.900, Complications of Specified Implanted Device or Graft
GNPN_HCC186,0.000, Major Organ Transplant or Replacement Status
GNPN_HCC188,0.772, Artificial Openings for Feeding or Elimination
GNPN_HCC189,0.525, Amputation Status/Lower Limb/Amputation Complications
GNPN_HCC47_gCancer,0.654, Immune Disorders*Cancer
GNPN_DIABETES_CHF,0.112, Congestive Heart Failure*Diabetes
GNPN_CHF_gCopdCF,0.154, Congestive Heart Failure*Chronic Obstructive Pulmonary Disease
GNPN_HCC85_gRenal_V24,0.000, Congestive Heart Failure*Renal
GNPN_gCopdCF_CARD_RESP_FAIL,0.326, Cardiorespiratory Failure *Chronic Obstructive Pulmonary Disease
GNPN_HCC85_HCC96,0.308, Congestive Heart Failure*Specified Heart Arrhythmias
GNPN_gSubUseDs_gPsych_V24,0.122, Substance Use Disorder*Psychiatric
FGC_LT65_DUR4_9_ND_PBD,1.737, NonAged/with duration since transplant of 4-9 months/NonDual and Partial Benefit Dual
FGC_LT65_DUR10PL_ND_PBD,0.335, NonAged/with duration since transplant of 10 months or more/NonDual and Partial Benefit Dual
FGC_PBD_LT65_flag,0.141, Partial Benefit Dual/NonAged
GFA_F65_69,0.402, Female 65-69
GFA_F70_74,0.464, Female 70-74
GFA_F75_79,0.545, Female 75-79
GFA_F80_84,0.608, Female 80-84
GFA_F85_89,0.714, Female 85-89
GFA_F90_94,0.803, Female 90-94
GFA_F95_GT,0.804, Female 95+
GFA_M65_69,0.486, Male 65-69
GFA_M70_74,0.570, Male 70-74
GFA_M75_79,0.646, Male 75-79
GFA_M80_84,0.714, Male 80-84
GFA_M85_89,0.825, Male 85-89
GFA_M90_94,0.906, Male 90-94
GFA_M95_GT,0.965, Male 95+
GFA_OriginallyDisabled_Female,0.143, Originally Disabled Female
GFA_OriginallyDisabled_Male,0.136, Originally Disabled Male
GFA_HCC1,0.381, HIV/AIDS
GFA_HCC2,0.396, Septicemia/Sepsis/Systemic Inflammatory Response Syndrome/Shock
GFA_HCC6,0.530, Opportunistic Infections
GFA_HCC8,2.932, Metastatic Cancer and Acute Leukemia
GFA_HCC9,1.179, Lung and Other Severe Cancers
GFA_HCC10,0.628, Lymphoma and Other Cancers
GFA_HCC11,0.325, Colorectal/Bladder/and Other Cancers
GFA_HCC12,0.170, Breast/Prostate/and Other Cancers and Tumors
GFA_HCC17,0.233, Diabetes with Acute Complications
GFA_HCC18,0.233, Diabetes with Chronic Complications
GFA_HCC19,0.051, Diabetes without Complication
GFA_HCC21,0.712, Protein-Calorie Malnutrition
GFA_HCC22,0.292, Morbid Obesity
GFA_HCC23,0.246, Other Significant Endocrine and Metabolic Disorders
GFA_HCC27,0.985, End-Stage Liver Disease
GFA_HCC28,0.414, Cirrhosis of Liver
GFA_HCC29,0.059, Chronic Hepatitis
GFA_HCC33,0.254, Intestinal Obstruction/Perforation
GFA_HCC34,0.419, Chronic Pancreatitis
GFA_HCC35,0.286, Inflammatory Bowel Disease
GFA_HCC39,0.578, Bone/Joint/Muscle Infections/Necrosis
GFA_HCC40,0.313, Rheumatoid Arthritis and Inflammatory Connective Tissue Disease
GFA_HCC46,1.361, Severe Hematological Disorders
GFA_HCC47,0.539, Disorders of Immunity
GFA_HCC48,0.240, Coagulation Defects and Other Specified Hematological Disorders
GFA_HCC51,0.399, Dementia With Complications
GFA_HCC52,0.399, Dementia Without Complication
GFA_HCC54,0.416, Substance Use with Psychotic Complications
GFA_HCC55,0.416, Substance Use Disorder/Moderate/Severe/Substance Use with Complications
GFA_HCC56,0.416, Substance Use Disorder/Mild/Except Alcohol and Cannabis
GFA_HCC57,0.572, Schizophrenia
GFA_HCC58,0.572, Reactive and Unspecified Psychosis
GFA_HCC59,0.259, Major Depressive/Bipolar/and Paranoid Disorders
GFA_HCC60,0.131, Personality Disorders
GFA_HCC70,0.964, Quadriplegia
GFA_HCC71,0.786, Paraplegia
GFA_HCC72,0.523, Spinal Cord Disorders/Injuries
GFA_HCC73,1.570, Amyotrophic Lateral Sclerosis and Other Motor Neuron Disease
GFA_HCC74,0.000, Cerebral Palsy
GFA_HCC75,0.430, Myasthenia Gravis/Myoneural Disorders and Guillain-Barre Syndrome/Inflammatory and Toxic Neuropathy
GFA_HCC76,0.381, Muscular Dystrophy
GFA_HCC77,0.749, Multiple Sclerosis
GFA_HCC78,0.608, Parkinsons and Huntingtons Diseases
GFA_HCC79,0.223, Seizure Disorders and Convulsions
GFA_HCC80,0.679, Coma/Brain Compression/Anoxic Damage
GFA_HCC82,1.874, Respirator Dependence/Tracheostomy Status
GFA_HCC83,0.843, Respiratory Arrest
GFA_HCC84,0.450, Cardio-Respiratory Failure and Shock
GFA_HCC85,0.257, Congestive Heart Failure
GFA_HCC86,0.419, Acute Myocardial Infarction
GFA_HCC87,0.276, Unstable Angina and Other Acute Ischemic Heart Disease
GFA_HCC88,0.071, Angina Pectoris
GFA_HCC96,0.346, Specified Heart Arrhythmias
GFA_HCC99,0.355, Intracranial Hemorrhage
GFA_HCC100,0.355, Ischemic or Unspecified Stroke
GFA_HCC103,0.414, Hemiplegia/Hemiparesis
GFA_HCC104,0.274, Monoplegia/Other Paralytic Syndromes
GFA_HCC106,1.740, Atherosclerosis of the Extremities with Ulceration or Gangrene
GFA_HCC107,0.586, Vascular Disease with Complications
GFA_HCC108,0.287, Vascular Disease
GFA_HCC110,1.348, Cystic Fibrosis
GFA_HCC111,0.344, Chronic Obstructive Pulmonary Disease
GFA_HCC112,0.147, Fibrosis of Lung and Other Chronic Lung Disorders
GFA_HCC114,0.582, Aspiration and Specified Bacterial Pneumonias
GFA_HCC115,0.248, Pneumococcal Pneumonia/Empyema/Lung Abscess
GFA_HCC122,0.357, Proliferative Diabetic Retinopathy and Vitreous Hemorrhage
GFA_HCC124,0.383, Exudative Macular Degeneration
GFA_HCC134,0.000, Dialysis Status
GFA_HCC135,0.000, Acute Renal Failure
GFA_HCC136,0.000, Chronic Kidney Disease/Stage 5
GFA_HCC137,0.000, Chronic Kidney Disease/Severe (Stage 4)
GFA_HCC138,0.000, Chronic Kidney Disease/Moderate (Stage 3)
GFA_HCC157,2.333, Pressure Ulcer of Skin with Necrosis Through to Muscle/Tendon/Bone
GFA_HCC158,1.266, Pressure Ulcer of Skin with Full Thickness Skin Loss
GFA_HCC159,0.940, Pressure Ulcer of Skin with Partial Thickness Skin Loss
GFA_HCC161,0.782, Chronic Ulcer of Skin/Except Pressure
GFA_HCC162,1.053, Severe Skin Burn or Condition
GFA_HCC166,1.053, Severe Head Injury
GFA_HCC167,0.239, Major Head Injury
GFA_HCC169,0.523, Vertebral Fractures without Spinal Cord Injury
GFA_HCC170,0.425, Hip Fracture/Dislocation
GFA_HCC173,0.341, Traumatic Amputations and Complications
GFA_HCC176,0.735, Complications of Specified Implanted Device or Graft
GFA_HCC186,0.000, Major Organ Transplant or Replacement Status
GFA_HCC188,0.728, Artificial Openings for Feeding or Elimination
GFA_HCC189,0.729, Amputation Status/Lower Limb/Amputation Complications
GFA_HCC47_gCancer,0.841, Immune Disorders*Cancer
GFA_DIABETES_CHF,0.223, Congestive Heart Failure*Diabetes
GFA_CHF_gCopdCF,0.166, Congestive Heart Failure*Chronic Obstructive Pulmonary Disease
GFA_HCC85_gRenal_V24,0.000, Congestive Heart Failure*Renal
GFA_gCopdCF_CARD_RESP_FAIL,0.430, Cardiorespiratory Failure *Chronic Obstructive Pulmonary Disease
GFA_HCC85_HCC96,0.194, Congestive Heart Failure*Specified Heart Arrhythmias
FGC_GE65_DUR4_9_FBD,2.605, Aged/with duration since transplant of 4-9 months/Full Benefit Dual
FGC_GE65_DUR10PL_FBD,1.279, Aged/with duration since transplant of 10 months or more/Full Benefit Dual
GFN_F0_34,0.308, Female 0-34
GFN_F35_44,0.291, Female 35-44
GFN_F45_54,0.328, Female 45-54
GFN_F55_59,0.349, Female 55-59
GFN_F60_64,0.423, Female 60-64
GFN_M0_34,0.187, Male 0-34
GFN_M35_44,0.200, Male 35-44
GFN_M45_54,0.257, Male 45-54
GFN_M55_59,0.350, Male 55-59
GFN_M60_64,0.425, Male 60-64
GFN_HCC1,0.319, HIV/AIDS
GFN_HCC2,0.532, Septicemia/Sepsis/Systemic Inflammatory Response Syndrome/Shock
GFN_HCC6,0.782, Opportunistic Infections
GFN_HCC8,3.226, Metastatic Cancer and Acute Leukemia
GFN_HCC9,1.089, Lung and Other Severe Cancers
GFN_HCC10,0.780, Lymphoma and Other Cancers
GFN_HCC11,0.362, Colorectal/Bladder/and Other Cancers
GFN_HCC12,0.182, Breast/Prostate/and Other Cancers and Tumors
GFN_HCC17,0.296, Diabetes with Acute Complications
GFN_HCC18,0.296, Diabetes with Chronic Complications
GFN_HCC19,0.102, Diabetes without Complication
GFN_HCC21,0.963, Protein-Calorie Malnutrition
GFN_HCC22,0.192, Morbid Obesity
GFN_HCC23,0.317, Other Significant Endocrine and Metabolic Disorders
GFN_HCC27,1.149, End-Stage Liver Disease
GFN_HCC28,0.387, Cirrhosis of Liver
GFN_HCC29,0.292, Chronic Hepatitis
GFN_HCC33,0.458, Intestinal Obstruction/Perforation
GFN_HCC34,0.721, Chronic Pancreatitis
GFN_HCC35,0.503, Inflammatory Bowel Disease
GFN_HCC39,0.537, Bone/Joint/Muscle Infections/Necrosis
GFN_HCC40,0.299, Rheumatoid Arthritis and Inflammatory Connective Tissue Disease
GFN_HCC46,3.980, Severe Hematological Disorders
GFN_HCC47,0.656, Disorders of Immunity
GFN_HCC48,0.358, Coagulation Defects and Other Specified Hematological Disorders
GFN_HCC51,0.348, Dementia With Complications
GFN_HCC52,0.348, Dementia Without Complication
GFN_HCC54,1.071, Substance Use with Psychotic Complications
GFN_HCC55,0.355, Substance Use Disorder/Moderate/Severe/Substance Use with Complications
GFN_HCC56,0.267, Substance Use Disorder/Mild/Except Alcohol and Cannabis
GFN_HCC57,0.398, Schizophrenia
GFN_HCC58,0.145, Reactive and Unspecified Psychosis
GFN_HCC59,0.129, Major Depressive/Bipolar/and Paranoid Disorders
GFN_HCC60,0.047, Personality Disorders
GFN_HCC70,0.892, Quadriplegia
GFN_HCC71,0.760, Paraplegia
GFN_HCC72,0.431, Spinal Cord Disorders/Injuries
GFN_HCC73,1.644, Amyotrophic Lateral Sclerosis and Other Motor Neuron Disease
GFN_HCC74,0.000, Cerebral Palsy
GFN_HCC75,0.493, Myasthenia Gravis/Myoneural Disorders and Guillain-Barre Syndrome/Inflammatory and Toxic Neuropathy
GFN_HCC76,0.842, Muscular Dystrophy
GFN_HCC77,1.113, Multiple Sclerosis
GFN_HCC78,0.442, Parkinsons and Huntingtons Diseases
GFN_HCC79,0.167, Seizure Disorders and Convulsions
GFN_HCC80,0.289, Coma/Brain Compression/Anoxic Damage
GFN_HCC82,1.476, Respirator Dependence/Tracheostomy Status
GFN_HCC83,0.613, Respiratory Arrest
GFN_HCC84,0.613, Cardio-Respiratory Failure and Shock
GFN_HCC85,0.302, Congestive Heart Failure
GFN_HCC86,0.534, Acute Myocardial Infarction
GFN_HCC87,0.463, Unstable Angina and Other Acute Ischemic Heart Disease
GFN_HCC88,0.152, Angina Pectoris
GFN_HCC96,0.291, Specified Heart Arrhythmias
GFN_HCC99,0.438, Intracranial Hemorrhage
GFN_HCC100,0.302, Ischemic or Unspecified Stroke
GFN_HCC103,0.391, Hemiplegia/Hemiparesis
GFN_HCC104,0.353, Monoplegia/Other Paralytic Syndromes
GFN_HCC106,1.665, Atherosclerosis of the Extremities with Ulceration or Gangrene
GFN_HCC107,0.547, Vascular Disease with Complications
GFN_HCC108,0.283, Vascular Disease
GFN_HCC110,3.090, Cystic Fibrosis
GFN_HCC111,0.256, Chronic Obstructive Pulmonary Disease
GFN_HCC112,0.256, Fibrosis of Lung and Other Chronic Lung Disorders
GFN_HCC114,0.344, Aspiration and Specified Bacterial Pneumonias
GFN_HCC115,0.207, Pneumococcal Pneumonia/Empyema/Lung Abscess
GFN_HCC122,0.363, Proliferative Diabetic Retinopathy and Vitreous Hemorrhage
GFN_HCC124,0.270, Exudative Macular Degeneration
GFN_HCC134,0.000, Dialysis Status
GFN_HCC135,0.000, Acute Renal Failure
GFN_HCC136,0.000, Chronic Kidney Disease/Stage 5
GFN_HCC137,0.000, Chronic Kidney Disease/Severe (Stage 4)
GFN_HCC138,0.000, Chronic Kidney Disease/Moderate (Stage 3)
GFN_HCC157,2.366, Pressure Ulcer of Skin with Necrosis Through to Muscle/Tendon/Bone
GFN_HCC158,1.141, Pressure Ulcer of Skin with Full Thickness Skin Loss
GFN_HCC159,0.894, Pressure Ulcer of Skin with Partial Thickness Skin Loss
GFN_HCC161,0.650, Chronic Ulcer of Skin/Except Pressure
GFN_HCC162,0.534, Severe Skin Burn or Condition
GFN_HCC166,0.289, Severe Head Injury
GFN_HCC167,0.107, Major Head Injury
GFN_HCC169,0.431, Vertebral Fractures without Spinal Cord Injury
GFN_HCC170,0.430, Hip Fracture/Dislocation
GFN_HCC173,0.145, Traumatic Amputations and Complications
GFN_HCC176,1.017, Complications of Specified Implanted Device or Graft
GFN_HCC186,0.000, Major Organ Transplant or Replacement Status
GFN_HCC188,0.786, Artificial Openings for Feeding or Elimination
GFN_HCC189,0.831, Amputation Status/Lower Limb/Amputation Complications
GFN_HCC47_gCancer,0.647, Immune Disorders*Cancer
GFN_DIABETES_CHF,0.159, Congestive Heart Failure*Diabetes
GFN_CHF_gCopdCF,0.209, Congestive Heart Failure*Chronic Obstructive Pulmonary Disease
GFN_HCC85_gRenal_V24,0.000, Congestive Heart Failure*Renal
GFN_gCopdCF_CARD_RESP_FAIL,0.432, Cardiorespiratory Failure *Chronic Obstructive Pulmonary Disease
GFN_HCC85_HCC96,0.467, Congestive Heart Failure*Specified Heart Arrhythmias
GFN_gSubUseDs_gPsych_V24,0.205, Substance Use Disorder*Psychiatric
FGC_LT65_DUR4_9_FBD,2.083, NonAged/with duration since transplant of 4-9 months/Full Benefit Dual
FGC_LT65_DUR10PL_FBD,0.648, NonAged/with duration since transplant of 10 months or more/Full Benefit Dual
GI_F0_34,1.174, Female 0-34
GI_F35_44,0.995, Female 35-44
GI_F45_54,1.199, Female 45-54
GI_F55_59,1.129, Female 55-59
GI_F60_64,1.067, Female 60-64
GI_F65_69,1.273, Female 65-69
GI_F70_74,1.202, Female 70-74
GI_F75_79,1.046, Female 75-79
GI_F80_84,0.935, Female 80-84
GI_F85_89,0.822, Female 85-89
GI_F90_94,0.700, Female 90-94
GI_F95_GT,0.560, Female 95+
GI_M0_34,1.043, Male 0-34
GI_M35_44,0.893, Male 35-44
GI_M45_54,1.148, Male 45-54
GI_M55_59,1.143, Male 55-59
GI_M60_64,1.074, Male 60-64
GI_M65_69,1.323, Male 65-69
GI_M70_74,1.265, Male 70-74
GI_M75_79,1.353, Male 75-79
GI_M80_84,1.268, Male 80-84
GI_M85_89,1.157, Male 85-89
GI_M90_94,0.973, Male 90-94
GI_M95_GT,0.854, Male 95+
GI_ORIGDS,0.000, Originally Disabled
GI_HCC1,1.302, HIV/AIDS
GI_HCC2,0.270, Septicemia/Sepsis/Systemic Inflammatory Response Syndrome/Shock
GI_HCC6,0.571, Opportunistic Infections
GI_HCC8,1.571, Metastatic Cancer and Acute Leukemia
GI_HCC9,0.770, Lung and Other Severe Cancers
GI_HCC10,0.467, Lymphoma and Other Cancers
GI_HCC11,0.346, Colorectal/Bladder/and Other Cancers
GI_HCC12,0.219, Breast/Prostate/and Other Cancers and Tumors
GI_HCC17,0.359, Diabetes with Acute Complications
GI_HCC18,0.359, Diabetes with Chronic Complications
GI_HCC19,0.128, Diabetes without Complication
GI_HCC21,0.326, Protein-Calorie Malnutrition
GI_HCC22,0.435, Morbid Obesity
GI_HCC23,0.332, Other Significant Endocrine and Metabolic Disorders
GI_HCC27,0.764, End-Stage Liver Disease
GI_HCC28,0.327, Cirrhosis of Liver
GI_HCC29,0.327, Chronic Hepatitis
GI_HCC33,0.278, Intestinal Obstruction/Perforation
GI_HCC34,0.178, Chronic Pancreatitis
GI_HCC35,0.287, Inflammatory Bowel Disease
GI_HCC39,0.434, Bone/Joint/Muscle Infections/Necrosis
GI_HCC40,0.284, Rheumatoid Arthritis and Inflammatory Connective Tissue Disease
GI_HCC46,0.748, Severe Hematological Disorders
GI_HCC47,0.523, Disorders of Immunity
GI_HCC48,0.226, Coagulation Defects and Other Specified Hematological Disorders
GI_HCC51,0.000, Dementia With Complications
GI_HCC52,0.000, Dementia Without Complication
GI_HCC54,0.172, Substance Use with Psychotic Complications
GI_HCC55,0.172, Substance Use Disorder/Moderate/Severe/Substance Use with Complications
GI_HCC56,0.172, Substance Use Disorder/Mild/Except Alcohol and Cannabis
GI_HCC57,0.230, Schizophrenia
GI_HCC58,0.230, Reactive and Unspecified Psychosis
GI_HCC59,0.133, Major Depressive/Bipolar/and Paranoid Disorders
GI_HCC60,0.000, Personality Disorders
GI_HCC70,0.645, Quadriplegia
GI_HCC71,0.511, Paraplegia
GI_HCC72,0.222, Spinal Cord Disorders/Injuries
GI_HCC73,0.739, Amyotrophic Lateral Sclerosis and Other Motor Neuron Disease
GI_HCC74,0.000, Cerebral Palsy
GI_HCC75,0.344, Myasthenia Gravis/Myoneural Disorders and Guillain-Barre Syndrome/Inflammatory and Toxic Neuropathy
GI_HCC76,0.322, Muscular Dystrophy
GI_HCC77,0.042, Multiple Sclerosis
GI_HCC78,0.206, Parkinsons and Huntingtons Diseases
GI_HCC79,0.070, Seizure Disorders and Convulsions
GI_HCC80,0.063, Coma/Brain Compression/Anoxic Damage
GI_HCC82,1.449, Respirator Dependence/Tracheostomy Status
GI_HCC83,0.481, Respiratory Arrest
GI_HCC84,0.199, Cardio-Respiratory Failure and Shock
GI_HCC85,0.169, Congestive Heart Failure
GI_HCC86,0.280, Acute Myocardial Infarction
GI_HCC87,0.280, Unstable Angina and Other Acute Ischemic Heart Disease
GI_HCC88,0.280, Angina Pectoris
GI_HCC96,0.227, Specified Heart Arrhythmias
GI_HCC99,0.082, Intracranial Hemorrhage
GI_HCC100,0.082, Ischemic or Unspecified Stroke
GI_HCC103,0.013, Hemiplegia/Hemiparesis
GI_HCC104,0.013, Monoplegia/Other Paralytic Syndromes
GI_HCC106,0.873, Atherosclerosis of the Extremities with Ulceration or Gangrene
GI_HCC107,0.324, Vascular Disease with Complications
GI_HCC108,0.074, Vascular Disease
GI_HCC110,0.329, Cystic Fibrosis
GI_HCC111,0.272, Chronic Obstructive Pulmonary Disease
GI_HCC112,0.080, Fibrosis of Lung and Other Chronic Lung Disorders
GI_HCC114,0.154, Aspiration and Specified Bacterial Pneumonias
GI_HCC115,0.154, Pneumococcal Pneumonia/Empyema/Lung Abscess
GI_HCC122,0.727, Proliferative Diabetic Retinopathy and Vitreous Hemorrhage
GI_HCC124,0.206, Exudative Macular Degeneration
GI_HCC134,0.000, Dialysis Status
GI_HCC135,0.000, Acute Renal Failure
GI_HCC136,0.000, Chronic Kidney Disease/Stage 5
GI_HCC137,0.000, Chronic Kidney Disease/Severe (Stage 4)
GI_HCC138,0.000, Chronic Kidney Disease/Moderate (Stage 3)
GI_HCC157,1.029, Pressure Ulcer of Skin with Necrosis Through to Muscle/Tendon/Bone
GI_HCC158,0.243, Pressure Ulcer of Skin with Full Thickness Skin Loss
GI_HCC159,0.243, Pressure Ulcer of Skin with Partial Thickness Skin Loss
GI_HCC161,0.243, Chronic Ulcer of Skin/Except Pressure
GI_HCC162,0.000, Severe Skin Burn or Condition
GI_HCC166,0.063, Severe Head Injury
GI_HCC167,0.000, Major Head Injury
GI_HCC169,0.184, Vertebral Fractures without Spinal Cord Injury
GI_HCC170,0.000, Hip Fracture/Dislocation
GI_HCC173,0.000, Traumatic Amputations and Complications
GI_HCC176,0.586, Complications of Specified Implanted Device or Graft
GI_HCC186,0.000, Major Organ Transplant or Replacement Status
GI_HCC188,0.272, Artificial Openings for Feeding or Elimination
GI_HCC189,0.396, Amputation Status/Lower Limb/Amputation Complications
GI_NONAGED_HCC85,0.491, NonAged/Congestive Heart Failure
GI_NONAGED_PRESSURE_ULCER_V24,0.349, NonAged/Pressure Ulcer
GI_NONAGED_HCC161,0.271, NonAged/Chronic Ulcer of the Skin/Except Pressure Ulcer
GI_NONAGED_HCC39,0.451, NonAged/Bone/Joint Muscle Infections/Necrosis
GI_NONAGED_HCC77,0.484, NonAged/Multiple Sclerosis
GI_NONAGED_HCC6,0.209, NonAged/Opportunistic Infections
GI_CHF_gCopdCF,0.165, Congestive Heart Failure*Chronic Obstructive Pulmonary Disease
GI_gCopdCF_CARD_RESP_FAIL,0.356, Cardiorespiratory Failure *Chronic Obstructive Pulmonary Disease
GI_SEPSIS_PRESSURE_ULCER_V24,0.196, Sepsis*Pressure Ulcer
GI_SEPSIS_ARTIF_OPENINGS,0.496, Sepsis*Artificial Openings for Feeding or Elimination
GI_ART_OPENINGS_PRESS_ULCER_V24,0.476, Artificial Openings for Feeding or Elimination*Pressure Ulcer
GI_DIABETES_CHF,0.205, Congestive Heart Failure*Diabetes
GI_gCopdCF_ASP_SPEC_B_PNEUM,0.143, Chronic Obstructive Pulmonary Disease*Aspiration and Specified Bacterial Pneumonias
GI_ASP_SPEC_B_PNEUM_PRES_ULC_V24,0.336, Aspiration and Specified Bacterial Pneumonias*Pressure Ulcer
GI_SEPSIS_ASP_SPEC_BACT_PNEUM,0.162, Sepsis*Aspiration and Specified Bacterial Pneumonias
GI_SCHIZOPHRENIA_gCopdCF,0.380, Schizophrenia*Chronic Obstructive Pulmonary Disease
GI_SCHIZOPHRENIA_CHF,0.119, Schizophrenia*Congestive Heart Failure
GI_SCHIZOPHRENIA_SEIZURES,0.411, Schizophrenia*Seizure Disorders and Convulsions
FGI_LT65_DUR4_9_ND_PBD,1.737, NonAged/with duration since transplant of 4-9 months/NonDual and Partial Benefit Dual
FGI_LT65_DUR4_9_FBD,2.083, NonAged/with duration since transplant of 4-9 months/Full Benefit Dual
FGI_GE65_DUR4_9_ND_PBD,2.529, Aged/with duration since transplant of 4-9 months/NonDual and Partial Benefit Dual
FGI_GE65_DUR4_9_FBD,2.605, Aged/with duration since transplant of 4-9 months/Full Benefit Dual
FGI_LT65_DUR10PL_ND_PBD,0.335, NonAged/with duration since transplant of 10 months or more/NonDual and Partial Benefit Dual
FGI_LT65_DUR10PL_FBD,0.648, NonAged/with duration since transplant of 10 months or more/Full Benefit Dual
FGI_GE65_DUR10PL_ND_PBD,0.905, Aged/with duration since transplant of 10 months or more/NonDual and Partial Benefit Dual
FGI_GE65_DUR10PL_FBD,1.279, Aged/with duration since transplant of 10 months or more/Full Benefit Dual
LTI_LT65,2.146, Institutional Status/NonAged
LTI_GE65,0.955, Institutional Status/Aged
FGI_PBD_LT65_flag,0.141, Partial Benefit Dual/NonAged
FGI_PBD_GE65_flag,0.162, Partial Benefit Dual/Aged
GNE_ND_PBD_NORIGDIS_G_NEF0_34,0.705, NonDual or Partial Benefit Dual -- Not Originally Disabled Female 0-34
GNE_ND_PBD_NORIGDIS_G_NEF35_44,0.942, NonDual or Partial Benefit Dual -- Not Originally Disabled Female 35-44
GNE_ND_PBD_NORIGDIS_G_NEF45_54,1.145, NonDual or Partial Benefit Dual -- Not Originally Disabled Female 45-54
GNE_ND_PBD_NORIGDIS_G_NEF55_59,1.142, NonDual or Partial Benefit Dual -- Not Originally Disabled Female 55-59
GNE_ND_PBD_NORIGDIS_G_NEF60_64,1.202, NonDual or Partial Benefit Dual -- Not Originally Disabled Female 60-64
GNE_ND_PBD_NORIGDIS_G_NEF65,0.527, NonDual or Partial Benefit Dual -- Not Originally Disabled Female 65
GNE_ND_PBD_NORIGDIS_G_NEF66,0.527, NonDual or Partial Benefit Dual -- Not Originally Disabled Female 66
GNE_ND_PBD_NORIGDIS_G_NEF67,0.553, NonDual or Partial Benefit Dual -- Not Originally Disabled Female 67
GNE_ND_PBD_NORIGDIS_G_NEF68,0.579, NonDual or Partial Benefit Dual -- Not Originally Disabled Female 68
GNE_ND_PBD_NORIGDIS_G_NEF69,0.619, NonDual or Partial Benefit Dual -- Not Originally Disabled Female 69
GNE_ND_PBD_NORIGDIS_G_NEF70_74,0.688, NonDual or Partial Benefit Dual -- Not Originally Disabled Female 70-74
GNE_ND_PBD_NORIGDIS_G_NEF75_79,0.893, NonDual or Partial Benefit Dual -- Not Originally Disabled Female 75-79
GNE_ND_PBD_NORIGDIS_G_NEF80_84,0.980, NonDual or Partial Benefit Dual -- Not Originally Disabled Female 80-84
GNE_ND_PBD_NORIGDIS_G_NEF85_89,1.275, NonDual or Partial Benefit Dual -- Not Originally Disabled Female 85-89
GNE_ND_PBD_NORIGDIS_G_NEF90_94,1.275, NonDual or Partial Benefit Dual -- Not Originally Disabled Female 90-94
GNE_ND_PBD_NORIGDIS_G_NEF95_GT,1.275, NonDual or Partial Benefit Dual -- Not Originally Disabled Female 95+
GNE_ND_PBD_NORIGDIS_G_NEM0_34,0.405, NonDual or Partial Benefit Dual -- Not Originally Disabled Male 0-34
GNE_ND_PBD_NORIGDIS_G_NEM35_44,0.663, NonDual or Partial Benefit Dual -- Not Originally Disabled Male 35-44
GNE_ND_PBD_NORIGDIS_G_NEM45_54,0.898, NonDual or Partial Benefit Dual -- Not Originally Disabled Male 45-54
GNE_ND_PBD_NORIGDIS_G_NEM55_59,0.976, NonDual or Partial Benefit Dual -- Not Originally Disabled Male 55-59
GNE_ND_PBD_NORIGDIS_G_NEM60_64,1.048, NonDual or Partial Benefit Dual -- Not Originally Disabled Male 60-64
GNE_ND_PBD_NORIGDIS_G_NEM65,0.562, NonDual or Partial Benefit Dual -- Not Originally Disabled Male 65
GNE_ND_PBD_NORIGDIS_G_NEM66,0.570, NonDual or Partial Benefit Dual -- Not Originally Disabled Male 66
GNE_ND_PBD_NORIGDIS_G_NEM67,0.612, NonDual or Partial Benefit Dual -- Not Originally Disabled Male 67
GNE_ND_PBD_NORIGDIS_G_NEM68,0.672, NonDual or Partial Benefit Dual -- Not Originally Disabled Male 68
GNE_ND_PBD_NORIGDIS_G_NEM69,0.678, NonDual or Partial Benefit Dual -- Not Originally Disabled Male 69
GNE_ND_PBD_NORIGDIS_G_NEM70_74,0.801, NonDual or Partial Benefit Dual -- Not Originally Disabled Male 70-74
GNE_ND_PBD_NORIGDIS_G_NEM75_79,1.040, NonDual or Partial Benefit Dual -- Not Originally Disabled Male 75-79
GNE_ND_PBD_NORIGDIS_G_NEM80_84,1.234, NonDual or Partial Benefit Dual -- Not Originally Disabled Male 80-84
GNE_ND_PBD_NORIGDIS_G_NEM85_89,1.502, NonDual or Partial Benefit Dual -- Not Originally Disabled Male 85-89
GNE_ND_PBD_NORIGDIS_G_NEM90_94,1.502, NonDual or Partial Benefit Dual -- Not Originally Disabled Male 90-94
GNE_ND_PBD_NORIGDIS_G_NEM95_GT,1.502, NonDual or Partial Benefit Dual -- Not Originally Disabled Male 95+
GNE_FBD_NORIGDIS_G_NEF0_34,1.016, Full Benefit Dual -- Not Originally Disabled Female 0-34
GNE_FBD_NORIGDIS_G_NEF35_44,1.291, Full Benefit Dual -- Not Originally Disabled Female 35-44
GNE_FBD_NORIGDIS_G_NEF45_54,1.403, Full Benefit Dual -- Not Originally Disabled Female 45-54
GNE_FBD_NORIGDIS_G_NEF55_59,1.278, Full Benefit Dual -- Not Originally Disabled Female 55-59
GNE_FBD_NORIGDIS_G_NEF60_64,1.384, Full Benefit Dual -- Not Originally Disabled Female 60-64
GNE_FBD_NORIGDIS_G_NEF65,0.978, Full Benefit Dual -- Not Originally Disabled Female 65
GNE_FBD_NORIGDIS_G_NEF66,0.982, Full Benefit Dual -- Not Originally Disabled Female 66
GNE_FBD_NORIGDIS_G_NEF67,0.996, Full Benefit Dual -- Not Originally Disabled Female 67
GNE_FBD_NORIGDIS_G_NEF68,0.996, Full Benefit Dual -- Not Originally Disabled Female 68
GNE_FBD_NORIGDIS_G_NEF69,0.996, Full Benefit Dual -- Not Originally Disabled Female 69
GNE_FBD_NORIGDIS_G_NEF70_74,1.034, Full Benefit Dual -- Not Originally Disabled Female 70-74
GNE_FBD_NORIGDIS_G_NEF75_79,1.119, Full Benefit Dual -- Not Originally Disabled Female 75-79
GNE_FBD_NORIGDIS_G_NEF80_84,1.331, Full Benefit Dual -- Not Originally Disabled Female 80-84
GNE_FBD_NORIGDIS_G_NEF85_89,1.549, Full Benefit Dual -- Not Originally Disabled Female 85-89
GNE_FBD_NORIGDIS_G_NEF90_94,1.697, Full Benefit Dual -- Not Originally Disabled Female 90-94
GNE_FBD_NORIGDIS_G_NEF95_GT,1.697, Full Benefit Dual -- Not Originally Disabled Female 95+
GNE_FBD_NORIGDIS_G_NEM0_34,0.732, Full Benefit Dual -- Not Originally Disabled Male 0-34
GNE_FBD_NORIGDIS_G_NEM35_44,1.253, Full Benefit Dual -- Not Originally Disabled Male 35-44
GNE_FBD_NORIGDIS_G_NEM45_54,1.407, Full Benefit Dual -- Not Originally Disabled Male 45-54
GNE_FBD_NORIGDIS_G_NEM55_59,1.464, Full Benefit Dual -- Not Originally Disabled Male 55-59
GNE_FBD_NORIGDIS_G_NEM60_64,1.529, Full Benefit Dual -- Not Originally Disabled Male 60-64
GNE_FBD_NORIGDIS_G_NEM65,1.171, Full Benefit Dual -- Not Originally Disabled Male 65
GNE_FBD_NORIGDIS_G_NEM66,1.223, Full Benefit Dual -- Not Originally Disabled Male 66
GNE_FBD_NORIGDIS_G_NEM67,1.308, Full Benefit Dual -- Not Originally Disabled Male 67
GNE_FBD_NORIGDIS_G_NEM68,1.355, Full Benefit Dual -- Not Originally Disabled Male 68
GNE_FBD_NORIGDIS_G_NEM69,1.443, Full Benefit Dual -- Not Originally Disabled Male 69
GNE_FBD_NORIGDIS_G_NEM70_74,1.443, Full Benefit Dual -- Not Originally Disabled Male 70-74
GNE_FBD_NORIGDIS_G_NEM75_79,1.443, Full Benefit Dual -- Not Originally Disabled Male 75-79
GNE_FBD_NORIGDIS_G_NEM80_84,1.489, Full Benefit Dual -- Not Originally Disabled Male 80-84
GNE_FBD_NORIGDIS_G_NEM85_89,1.667, Full Benefit Dual -- Not Originally Disabled Male 85-89
GNE_FBD_NORIGDIS_G_NEM90_94,1.964, Full Benefit Dual -- Not Originally Disabled Male 90-94
GNE_FBD_NORIGDIS_G_NEM95_GT,1.964, Full Benefit Dual -- Not Originally Disabled Male 95+
GNE_ND_PBD_ORIGDIS_G_NEF65,1.202, NonDual or Partial Benefit Dual and Originally Disabled Female 65
GNE_ND_PBD_ORIGDIS_G_NEF66,1.265, NonDual or Partial Benefit Dual and Originally Disabled Female 66
GNE_ND_PBD_ORIGDIS_G_NEF67,1.265, NonDual or Partial Benefit Dual and Originally Disabled Female 67
GNE_ND_PBD_ORIGDIS_G_NEF68,1.265, NonDual or Partial Benefit Dual and Originally Disabled Female 68
GNE_ND_PBD_ORIGDIS_G_NEF69,1.265, NonDual or Partial Benefit Dual and Originally Disabled Female 69
GNE_ND_PBD_ORIGDIS_G_NEF70_74,1.265, NonDual or Partial Benefit Dual and Originally Disabled Female 70-74
GNE_ND_PBD_ORIGDIS_G_NEF75_79,1.265, NonDual or Partial Benefit Dual and Originally Disabled Female 75-79
GNE_ND_PBD_ORIGDIS_G_NEF80_84,1.265, NonDual or Partial Benefit Dual and Originally Disabled Female 80-84
GNE_ND_PBD_ORIGDIS_G_NEF85_89,1.275, NonDual or Partial Benefit Dual and Originally Disabled Female 85-89
GNE_ND_PBD_ORIGDIS_G_NEF90_94,1.275, NonDual or Partial Benefit Dual and Originally Disabled Female 90-94
GNE_ND_PBD_ORIGDIS_G_NEF95_GT,1.275, NonDual or Partial Benefit Dual and Originally Disabled Female 95+
GNE_ND_PBD_ORIGDIS_G_NEM65,1.048, NonDual or Partial Benefit Dual and Originally Disabled Male 65
GNE_ND_PBD_ORIGDIS_G_NEM66,1.145, NonDual or Partial Benefit Dual and Originally Disabled Male 66
GNE_ND_PBD_ORIGDIS_G_NEM67,1.145, NonDual or Partial Benefit Dual and Originally Disabled Male 67
GNE_ND_PBD_ORIGDIS_G_NEM68,1.145, NonDual or Partial Benefit Dual and Originally Disabled Male 68
GNE_ND_PBD_ORIGDIS_G_NEM69,1.286, NonDual or Partial Benefit Dual and Originally Disabled Male 69
GNE_ND_PBD_ORIGDIS_G_NEM70_74,1.286, NonDual or Partial Benefit Dual and Originally Disabled Male 70-74
GNE_ND_PBD_ORIGDIS_G_NEM75_79,1.286, NonDual or Partial Benefit Dual and Originally Disabled Male 75-79
GNE_ND_PBD_ORIGDIS_G_NEM80_84,1.286, NonDual or Partial Benefit Dual and Originally Disabled Male 80-84
GNE_ND_PBD_ORIGDIS_G_NEM85_89,1.502, NonDual or Partial Benefit Dual and Originally Disabled Male 85-89
GNE_ND_PBD_ORIGDIS_G_NEM90_94,1.502, NonDual or Partial Benefit Dual and Originally Disabled Male 90-94
GNE_ND_PBD_ORIGDIS_G_NEM95_GT,1.502, NonDual or Partial Benefit Dual and Originally Disabled Male 95+
GNE_FBD_ORIGDIS_G_NEF65,1.585, Full Benefit Dual and Originally Disabled Female 65
GNE_FBD_ORIGDIS_G_NEF66,1.585, Full Benefit Dual and Originally Disabled Female 66
GNE_FBD_ORIGDIS_G_NEF67,1.585, Full Benefit Dual and Originally Disabled Female 67
GNE_FBD_ORIGDIS_G_NEF68,2.004, Full Benefit Dual and Originally Disabled Female 68
GNE_FBD_ORIGDIS_G_NEF69,2.004, Full Benefit Dual and Originally Disabled Female 69
GNE_FBD_ORIGDIS_G_NEF70_74,2.004, Full Benefit Dual and Originally Disabled Female 70-74
GNE_FBD_ORIGDIS_G_NEF75_79,2.004, Full Benefit Dual and Originally Disabled Female 75-79
GNE_FBD_ORIGDIS_G_NEF80_84,2.004, Full Benefit Dual and Originally Disabled Female 80-84
GNE_FBD_ORIGDIS_G_NEF85_89,2.004, Full Benefit Dual and Originally Disabled Female 85-89
GNE_FBD_ORIGDIS_G_NEF90_94,2.004, Full Benefit Dual and Originally Disabled Female 90-94
GNE_FBD_ORIGDIS_G_NEF95_GT,2.004, Full Benefit Dual and Originally Disabled Female 95+
GNE_FBD_ORIGDIS_G_NEM65,1.711, Full Benefit Dual and Originally Disabled Male 65
GNE_FBD_ORIGDIS_G_NEM66,1.942, Full Benefit Dual and Originally Disabled Male 66
GNE_FBD_ORIGDIS_G_NEM67,1.942, Full Benefit Dual and Originally Disabled Male 67
GNE_FBD_ORIGDIS_G_NEM68,1.942, Full Benefit Dual and Originally Disabled Male 68
GNE_FBD_ORIGDIS_G_NEM69,1.942, Full Benefit Dual and Originally Disabled Male 69
GNE_FBD_ORIGDIS_G_NEM70_74,1.942, Full Benefit Dual and Originally Disabled Male 70-74
GNE_FBD_ORIGDIS_G_NEM75_79,2.788, Full Benefit Dual and Originally Disabled Male 75-79
GNE_FBD_ORIGDIS_G_NEM80_84,2.788, Full Benefit Dual and Originally Disabled Male 80-84
GNE_FBD_ORIGDIS_G_NEM85_89,2.788, Full Benefit Dual and Originally Disabled Male 85-89
GNE_FBD_ORIGDIS_G_NEM90_94,2.788, Full Benefit Dual and Originally Disabled Male 90-94
GNE_FBD_ORIGDIS_G_NEM95_GT,2.788, Full Benefit Dual and Originally Disabled Male 95+
TRANSPLANT_KIDNEY_ONLY_1M,5.985, Kidney Transplant/Month 1
TRANSPLANT_KIDNEY_ONLY_2M,0.941, Kidney Transplant/Month 2
TRANSPLANT_KIDNEY_ONLY_3M,0.941, Kidney Transplant/Month 3
